-- phpMyAdmin SQL Dump
-- version 4.9.7
-- https://www.phpmyadmin.net/
--
-- Servidor: localhost:3306
-- Tiempo de generación: 13-10-2022 a las 15:32:38
-- Versión del servidor: 10.3.31-MariaDB
-- Versión de PHP: 7.4.30

SET SQL_MODE = "NO_AUTO_VALUE_ON_ZERO";
SET AUTOCOMMIT = 0;
START TRANSACTION;
SET time_zone = "+00:00";


/*!40101 SET @OLD_CHARACTER_SET_CLIENT=@@CHARACTER_SET_CLIENT */;
/*!40101 SET @OLD_CHARACTER_SET_RESULTS=@@CHARACTER_SET_RESULTS */;
/*!40101 SET @OLD_COLLATION_CONNECTION=@@COLLATION_CONNECTION */;
/*!40101 SET NAMES utf8mb4 */;

--
-- Base de datos: `flypackroot_flypack`
--

-- --------------------------------------------------------

--
-- Estructura de tabla para la tabla `city`
--

CREATE TABLE `city` (
  `id` int(11) NOT NULL,
  `city` varchar(100) COLLATE utf8mb4_unicode_ci DEFAULT NULL
) ENGINE=MyISAM DEFAULT CHARSET=utf8mb4 COLLATE=utf8mb4_unicode_ci;

--
-- Volcado de datos para la tabla `city`
--

INSERT INTO `city` (`id`, `city`) VALUES
(1, 'SANTIAGO');

-- --------------------------------------------------------

--
-- Estructura de tabla para la tabla `communes`
--

CREATE TABLE `communes` (
  `id` int(11) NOT NULL,
  `commune` varchar(100) COLLATE utf8mb4_unicode_ci DEFAULT NULL,
  `city_id` int(11) DEFAULT NULL
) ENGINE=MyISAM DEFAULT CHARSET=utf8mb4 COLLATE=utf8mb4_unicode_ci;

--
-- Volcado de datos para la tabla `communes`
--

INSERT INTO `communes` (`id`, `commune`, `city_id`) VALUES
(1, 'LAS CONDES', 1),
(2, 'COLINA', 1),
(3, 'HUECHURABA', 1),
(4, 'LA REINA', 1),
(5, 'LO BARNECHEA', 1),
(6, 'MACUL', 1),
(7, 'NUÑOA', 1),
(8, 'PEÑALOLEN', 1),
(9, 'PROVIDENCIA', 1),
(10, 'RECOLETA', 1),
(11, 'VITACURA', 1),
(12, 'CONCHALI', 1),
(13, 'INDEPENDENCIA', 1),
(14, 'LA CISTERNA', 1),
(15, 'LA FLORIDA', 1),
(16, 'LA GRANJA', 1),
(17, 'LA PINTANA', 1),
(18, 'PEDRO AGUIRRE CERDA', 1),
(19, 'SAN JOAQUIN', 1),
(20, 'SAN MIGUEL', 1),
(21, 'SAN RAMON', 1),
(22, 'SANTIAGO', 1),
(23, 'CERRILLOS', 1),
(24, 'CERRO NAVIA', 1),
(25, 'EL BOSQUE', 1),
(26, 'ESTACION CENTRAL', 1),
(27, 'LO ESPEJO', 1),
(28, 'LO PRADO', 1),
(29, 'PUENTE ALTO', 1),
(30, 'QUILICURA', 1),
(31, 'QUINTA NORMAL', 1),
(32, 'RENCA', 1),
(33, 'MAIPU', 1),
(34, 'PUDAHUEL', 1),
(35, 'SAN BERNARDO', 1);

-- --------------------------------------------------------

--
-- Estructura de tabla para la tabla `companies`
--

CREATE TABLE `companies` (
  `id` int(11) NOT NULL,
  `rut` int(10) DEFAULT NULL,
  `dv` char(1) COLLATE utf8mb4_unicode_ci DEFAULT NULL,
  `razon` varchar(150) COLLATE utf8mb4_unicode_ci DEFAULT NULL,
  `fantasy` varchar(150) COLLATE utf8mb4_unicode_ci DEFAULT NULL,
  `prefix` varchar(10) COLLATE utf8mb4_unicode_ci NOT NULL,
  `address` varchar(150) COLLATE utf8mb4_unicode_ci DEFAULT NULL,
  `city_id` int(11) DEFAULT NULL,
  `communes_id` int(11) DEFAULT NULL,
  `companies_state_id` int(11) DEFAULT 1,
  `type_rate` tinyint(1) DEFAULT 1,
  `merchant_id` int(11) NOT NULL,
  `email` varchar(50) COLLATE utf8mb4_unicode_ci NOT NULL
) ENGINE=MyISAM DEFAULT CHARSET=utf8mb4 COLLATE=utf8mb4_unicode_ci;

--
-- Volcado de datos para la tabla `companies`
--

INSERT INTO `companies` (`id`, `rut`, `dv`, `razon`, `fantasy`, `prefix`, `address`, `city_id`, `communes_id`, `companies_state_id`, `type_rate`, `merchant_id`, `email`) VALUES
(1, 11111111, '1', 'FLYPACK', 'FLYPACK', 'FLY', 'DIRECCION 1', 1, 1, 1, 1, 0, 'afariasmira@gmail.com'),
(2, 77240587, '1', 'Comercializadora Sebastián Karlezi Hazleby E.I.R.L (SWIT)', 'SWIT', 'SWT', 'A. Padre Hurtado Central 1150 C, Las Condes.', 1, 1, 1, 1, 3547, 'javijesus.martinez.n@gmail.com'),
(3, 76993984, '9', 'Anza SpA', 'BPlayer', 'BPL', 'Paicavi 2721', 1, 15, 1, 2, 3573, 'afariasmira@gmail.com'),
(4, 77305322, '7', 'Auroliv Spa', 'Auroliv', 'AUL', 'Avenida Grecia 3348, depto 826 Torre B', 1, 7, 1, 1, 3568, 'auroliv.cl@gmail.com'),
(5, 76468795, '7', 'NEWGAME SPA', 'NEWGAME', 'NG', 'Avenida El Ventisquero 1225', 1, 32, 1, 2, 3593, 'bodeganewgame@gmail.com'),
(6, 76468795, '7', 'NEWGAME SPA', 'NEWGAME', 'NG', 'Avenida El Ventisquero 1225', 1, 32, 1, 2, 3594, 'bodeganewgame@gmail.com');

-- --------------------------------------------------------

--
-- Estructura de tabla para la tabla `companies_state`
--

CREATE TABLE `companies_state` (
  `id` int(11) NOT NULL,
  `state` varchar(100) COLLATE utf8mb4_unicode_ci DEFAULT NULL
) ENGINE=InnoDB DEFAULT CHARSET=utf8mb4 COLLATE=utf8mb4_unicode_ci;

--
-- Volcado de datos para la tabla `companies_state`
--

INSERT INTO `companies_state` (`id`, `state`) VALUES
(1, 'ACTIVO'),
(2, 'SUSPENDIDO'),
(3, 'ELIMINADO'),
(4, 'BLOQUEADO');

-- --------------------------------------------------------

--
-- Estructura de tabla para la tabla `company_address`
--

CREATE TABLE `company_address` (
  `companies_id` int(11) NOT NULL,
  `city_id` int(11) NOT NULL,
  `communes_id` int(11) NOT NULL,
  `address` varchar(150) COLLATE utf8mb4_unicode_ci NOT NULL,
  `id` int(11) NOT NULL
) ENGINE=MyISAM DEFAULT CHARSET=utf8mb4 COLLATE=utf8mb4_unicode_ci;

-- --------------------------------------------------------

--
-- Estructura de tabla para la tabla `people`
--

CREATE TABLE `people` (
  `id` int(11) NOT NULL,
  `rut` int(10) DEFAULT NULL,
  `dv` char(1) COLLATE utf8mb4_unicode_ci DEFAULT NULL,
  `name` varchar(150) COLLATE utf8mb4_unicode_ci DEFAULT NULL,
  `lastname` varchar(150) COLLATE utf8mb4_unicode_ci DEFAULT NULL,
  `address` varchar(150) COLLATE utf8mb4_unicode_ci DEFAULT NULL,
  `city` varchar(150) COLLATE utf8mb4_unicode_ci DEFAULT NULL,
  `commune` varchar(150) COLLATE utf8mb4_unicode_ci DEFAULT NULL,
  `email` varchar(150) COLLATE utf8mb4_unicode_ci DEFAULT NULL,
  `phone` varchar(15) COLLATE utf8mb4_unicode_ci DEFAULT NULL,
  `profile_id` int(11) DEFAULT NULL,
  `people_states_id` int(11) DEFAULT NULL,
  `created` datetime DEFAULT NULL,
  `modified` datetime DEFAULT NULL
) ENGINE=MyISAM DEFAULT CHARSET=utf8mb4 COLLATE=utf8mb4_unicode_ci;

--
-- Volcado de datos para la tabla `people`
--

INSERT INTO `people` (`id`, `rut`, `dv`, `name`, `lastname`, `address`, `city`, `commune`, `email`, `phone`, `profile_id`, `people_states_id`, `created`, `modified`) VALUES
(1, 22221960, '4', 'Melody', 'Romero', 'Los alerces 2363 depto 202', 'CURICO', 'nunoa', 'mromerodev@gmail.com', '+569 958098890', 1, 1, '2022-01-03 02:48:47', '2022-01-03 02:48:47'),
(2, 17795600, '1', 'Matias Sabino', 'Quezada Sanhueza', 'Manuel correa 1', 'Curico', 'Curico', 'el_mts@hotmail.com', '+56979852140', 1, 1, '2022-01-03 14:53:57', NULL),
(3, 21242087, '2', 'Juan', 'Perez', 'Siempreviva 123', 'Curico', 'Rauco', 'xemail@gmail.com', '+569680998830', 2, 1, '2022-01-03 15:25:02', NULL),
(4, 25574390, '2', 'Kevin', 'Lopez Echeverria', 'Chiloe sin numero', 'Chiloe', 'Chiloe', 'kevinlopez@gmail.com', '+569680998830', 3, 1, '2022-01-03 15:36:38', NULL),
(5, 15338558, '1', 'Antonio Alejandro', 'Farías Mira', 'Paicaví 2721', 'Santiago', 'La Florida', 'antonio.flypack@gmail.com', '978612572', 1, 1, '2022-01-07 14:14:48', NULL),
(6, 14141551, '1', 'Fernando Esteban', 'Monserrat Torres', 'Mario Recordón 8457', 'Santiago', 'La Florida', 'nano3dfx@gmail.com', '976452986', 3, 1, '2022-01-07 14:26:22', NULL),
(7, 17517750, '1', 'Constanza', 'Pfeifer', 'Oceano Artico', 'Santiago', 'Peñalolen', 'pfeifer.constanza@gmail.com', '+56989069423', 1, 1, '2022-01-07 16:00:55', NULL);

-- --------------------------------------------------------

--
-- Estructura de tabla para la tabla `people_states`
--

CREATE TABLE `people_states` (
  `id` int(10) UNSIGNED NOT NULL,
  `state` varchar(30) COLLATE utf8mb4_unicode_ci NOT NULL
) ENGINE=InnoDB DEFAULT CHARSET=utf8mb4 COLLATE=utf8mb4_unicode_ci;

--
-- Volcado de datos para la tabla `people_states`
--

INSERT INTO `people_states` (`id`, `state`) VALUES
(1, 'ACTIVO');

-- --------------------------------------------------------

--
-- Estructura de tabla para la tabla `profiles`
--

CREATE TABLE `profiles` (
  `id` int(11) NOT NULL,
  `profile` varchar(150) COLLATE utf8mb4_unicode_ci DEFAULT NULL,
  `created` datetime DEFAULT NULL,
  `modified` datetime DEFAULT NULL
) ENGINE=MyISAM DEFAULT CHARSET=utf8mb4 COLLATE=utf8mb4_unicode_ci;

--
-- Volcado de datos para la tabla `profiles`
--

INSERT INTO `profiles` (`id`, `profile`, `created`, `modified`) VALUES
(1, 'ADMINISTRADOR', NULL, NULL),
(2, 'CLIENTE', NULL, NULL),
(3, 'REPARTIDOR', NULL, NULL);

-- --------------------------------------------------------

--
-- Estructura de tabla para la tabla `rates`
--

CREATE TABLE `rates` (
  `id` int(11) NOT NULL,
  `from` varchar(150) COLLATE utf8mb4_unicode_ci DEFAULT NULL,
  `to` varchar(150) COLLATE utf8mb4_unicode_ci DEFAULT NULL,
  `value` double DEFAULT NULL,
  `companies_id` int(11) DEFAULT NULL
) ENGINE=MyISAM DEFAULT CHARSET=utf8mb4 COLLATE=utf8mb4_unicode_ci;

--
-- Volcado de datos para la tabla `rates`
--

INSERT INTO `rates` (`id`, `from`, `to`, `value`, `companies_id`) VALUES
(1, 'LAS CONDES', 'LAS CONDES ', 2500, 2),
(3535, 'LO BARNECHEA', 'SAN BERNARDO', 0, 4),
(3534, 'LO BARNECHEA', 'COLINA', 0, 4),
(3533, 'LO BARNECHEA', 'QUILICURA', 0, 4),
(3532, 'LO BARNECHEA', 'PUDAHUEL', 0, 4),
(3531, 'LO BARNECHEA', 'MAIPU', 0, 4),
(3530, 'LO BARNECHEA', 'LO BARNECHEA', 0, 4),
(3529, 'LO BARNECHEA', 'EL BOSQUE', 0, 4),
(3528, 'LO BARNECHEA', 'VITACURA', 0, 4),
(3527, 'LO BARNECHEA', 'SANTIAGO', 0, 4),
(3526, 'LO BARNECHEA', 'SAN RAMóN', 0, 4),
(3525, 'LO BARNECHEA', 'SAN MIGUEL', 0, 4),
(3523, 'LO BARNECHEA', 'RENCA', 0, 4),
(3524, 'LO BARNECHEA', 'SAN JOAQUIN', 0, 4),
(3522, 'LO BARNECHEA', 'RECOLETA', 0, 4),
(3521, 'LO BARNECHEA', 'QUINA NORMAL', 0, 4),
(3520, 'LO BARNECHEA', 'PUENTE ALTO', 0, 4),
(3519, 'LO BARNECHEA', 'PROVIDENCIA', 0, 4),
(3518, 'LO BARNECHEA', 'PEñALOLEN', 0, 4),
(3517, 'LO BARNECHEA', 'PEDRO AGUIRRE CERDA', 0, 4),
(3516, 'LO BARNECHEA', 'MACUL', 0, 4),
(3515, 'LO BARNECHEA', 'LO PRADO', 0, 4),
(3514, 'LO BARNECHEA', 'LO ESPEJO', 0, 4),
(3513, 'LO BARNECHEA', 'LAS CONDES ', 0, 4),
(3512, 'LO BARNECHEA', 'LA REINA', 0, 4),
(36, 'LAS CONDES', 'HUECHURABA', 3000, 2),
(3511, 'LO BARNECHEA', 'LA PINTANA', 0, 4),
(3510, 'LO BARNECHEA', 'LA GRANJA', 0, 4),
(3509, 'LO BARNECHEA', 'LA FLORIDA', 0, 4),
(3508, 'LO BARNECHEA', 'LA CISTERNA', 0, 4),
(3507, 'LO BARNECHEA', 'INDEPENDENCIA', 0, 4),
(3506, 'LO BARNECHEA', 'HUECHURABA', 0, 4),
(3505, 'LO BARNECHEA', 'ESTACIóN CENTRAL', 0, 4),
(3504, 'LO BARNECHEA', 'CONCHALí', 0, 4),
(3503, 'LO BARNECHEA', 'CERRO NAVIA', 0, 4),
(3502, 'LO BARNECHEA', 'CERRILOS ', 0, 4),
(3501, 'LO BARNECHEA', 'ÑUñOA', 0, 4),
(3500, 'EL BOSQUE', 'SAN BERNARDO', 0, 4),
(3499, 'EL BOSQUE', 'COLINA', 0, 4),
(3498, 'EL BOSQUE', 'QUILICURA', 0, 4),
(3497, 'EL BOSQUE', 'PUDAHUEL', 0, 4),
(3496, 'EL BOSQUE', 'MAIPU', 0, 4),
(3495, 'EL BOSQUE', 'LO BARNECHEA', 0, 4),
(3494, 'EL BOSQUE', 'EL BOSQUE', 0, 4),
(3493, 'EL BOSQUE', 'VITACURA', 0, 4),
(3492, 'EL BOSQUE', 'SANTIAGO', 0, 4),
(3490, 'EL BOSQUE', 'SAN MIGUEL', 0, 4),
(3491, 'EL BOSQUE', 'SAN RAMóN', 0, 4),
(3489, 'EL BOSQUE', 'SAN JOAQUIN', 0, 4),
(3488, 'EL BOSQUE', 'RENCA', 0, 4),
(3487, 'EL BOSQUE', 'RECOLETA', 0, 4),
(3486, 'EL BOSQUE', 'QUINA NORMAL', 0, 4),
(3485, 'EL BOSQUE', 'PUENTE ALTO', 0, 4),
(3484, 'EL BOSQUE', 'PROVIDENCIA', 0, 4),
(3483, 'EL BOSQUE', 'PEñALOLEN', 0, 4),
(71, 'LAS CONDES', 'LA REINA', 3000, 2),
(3482, 'EL BOSQUE', 'PEDRO AGUIRRE CERDA', 0, 4),
(3481, 'EL BOSQUE', 'MACUL', 0, 4),
(3480, 'EL BOSQUE', 'LO PRADO', 0, 4),
(3479, 'EL BOSQUE', 'LO ESPEJO', 0, 4),
(3478, 'EL BOSQUE', 'LAS CONDES ', 0, 4),
(3477, 'EL BOSQUE', 'LA REINA', 0, 4),
(3476, 'EL BOSQUE', 'LA PINTANA', 0, 4),
(3475, 'EL BOSQUE', 'LA GRANJA', 0, 4),
(3474, 'EL BOSQUE', 'LA FLORIDA', 0, 4),
(3473, 'EL BOSQUE', 'LA CISTERNA', 0, 4),
(3472, 'EL BOSQUE', 'INDEPENDENCIA', 0, 4),
(3471, 'EL BOSQUE', 'HUECHURABA', 0, 4),
(3470, 'EL BOSQUE', 'ESTACIóN CENTRAL', 0, 4),
(3469, 'EL BOSQUE', 'CONCHALí', 0, 4),
(3468, 'EL BOSQUE', 'CERRO NAVIA', 0, 4),
(3467, 'EL BOSQUE', 'CERRILOS ', 0, 4),
(3466, 'EL BOSQUE', 'ÑUñOA', 0, 4),
(3465, 'VITACURA', 'SAN BERNARDO', 0, 4),
(3464, 'VITACURA', 'COLINA', 0, 4),
(3463, 'VITACURA', 'QUILICURA', 0, 4),
(3462, 'VITACURA', 'PUDAHUEL', 0, 4),
(3461, 'VITACURA', 'MAIPU', 0, 4),
(106, 'LAS CONDES', 'LO BARNECHEA', 3000, 2),
(3460, 'VITACURA', 'LO BARNECHEA', 0, 4),
(3459, 'VITACURA', 'EL BOSQUE', 0, 4),
(3458, 'VITACURA', 'VITACURA', 0, 4),
(3457, 'VITACURA', 'SANTIAGO', 0, 4),
(3456, 'VITACURA', 'SAN RAMóN', 0, 4),
(3455, 'VITACURA', 'SAN MIGUEL', 0, 4),
(3454, 'VITACURA', 'SAN JOAQUIN', 0, 4),
(3453, 'VITACURA', 'RENCA', 0, 4),
(3452, 'VITACURA', 'RECOLETA', 0, 4),
(3451, 'VITACURA', 'QUINA NORMAL', 0, 4),
(3450, 'VITACURA', 'PUENTE ALTO', 0, 4),
(3449, 'VITACURA', 'PROVIDENCIA', 0, 4),
(3448, 'VITACURA', 'PEñALOLEN', 0, 4),
(3447, 'VITACURA', 'PEDRO AGUIRRE CERDA', 0, 4),
(3446, 'VITACURA', 'MACUL', 0, 4),
(3445, 'VITACURA', 'LO PRADO', 0, 4),
(3444, 'VITACURA', 'LO ESPEJO', 0, 4),
(3443, 'VITACURA', 'LAS CONDES ', 0, 4),
(3442, 'VITACURA', 'LA REINA', 0, 4),
(3441, 'VITACURA', 'LA PINTANA', 0, 4),
(3440, 'VITACURA', 'LA GRANJA', 0, 4),
(3439, 'VITACURA', 'LA FLORIDA', 0, 4),
(3438, 'VITACURA', 'LA CISTERNA', 0, 4),
(3437, 'VITACURA', 'INDEPENDENCIA', 0, 4),
(3436, 'VITACURA', 'HUECHURABA', 0, 4),
(3435, 'VITACURA', 'ESTACIóN CENTRAL', 0, 4),
(3433, 'VITACURA', 'CERRO NAVIA', 0, 4),
(141, 'LAS CONDES', 'MACUL', 3000, 2),
(3434, 'VITACURA', 'CONCHALí', 0, 4),
(3432, 'VITACURA', 'CERRILOS ', 0, 4),
(3431, 'VITACURA', 'ÑUñOA', 0, 4),
(3430, 'SANTIAGO', 'SAN BERNARDO', 0, 4),
(3429, 'SANTIAGO', 'COLINA', 0, 4),
(3428, 'SANTIAGO', 'QUILICURA', 0, 4),
(3427, 'SANTIAGO', 'PUDAHUEL', 0, 4),
(3426, 'SANTIAGO', 'MAIPU', 0, 4),
(3425, 'SANTIAGO', 'LO BARNECHEA', 0, 4),
(3424, 'SANTIAGO', 'EL BOSQUE', 0, 4),
(3423, 'SANTIAGO', 'VITACURA', 0, 4),
(3422, 'SANTIAGO', 'SANTIAGO', 0, 4),
(3421, 'SANTIAGO', 'SAN RAMóN', 0, 4),
(3420, 'SANTIAGO', 'SAN MIGUEL', 0, 4),
(3419, 'SANTIAGO', 'SAN JOAQUIN', 0, 4),
(3418, 'SANTIAGO', 'RENCA', 0, 4),
(3417, 'SANTIAGO', 'RECOLETA', 0, 4),
(3416, 'SANTIAGO', 'QUINA NORMAL', 0, 4),
(3415, 'SANTIAGO', 'PUENTE ALTO', 0, 4),
(176, 'LAS CONDES', 'ÑUñOA', 3000, 2),
(3414, 'SANTIAGO', 'PROVIDENCIA', 0, 4),
(3413, 'SANTIAGO', 'PEñALOLEN', 0, 4),
(3412, 'SANTIAGO', 'PEDRO AGUIRRE CERDA', 0, 4),
(3411, 'SANTIAGO', 'MACUL', 0, 4),
(3410, 'SANTIAGO', 'LO PRADO', 0, 4),
(3409, 'SANTIAGO', 'LO ESPEJO', 0, 4),
(3408, 'SANTIAGO', 'LAS CONDES ', 0, 4),
(3407, 'SANTIAGO', 'LA REINA', 0, 4),
(3406, 'SANTIAGO', 'LA PINTANA', 0, 4),
(3405, 'SANTIAGO', 'LA GRANJA', 0, 4),
(3404, 'SANTIAGO', 'LA FLORIDA', 0, 4),
(3403, 'SANTIAGO', 'LA CISTERNA', 0, 4),
(3402, 'SANTIAGO', 'INDEPENDENCIA', 0, 4),
(3401, 'SANTIAGO', 'HUECHURABA', 0, 4),
(3400, 'SANTIAGO', 'ESTACIóN CENTRAL', 0, 4),
(3399, 'SANTIAGO', 'CONCHALí', 0, 4),
(3398, 'SANTIAGO', 'CERRO NAVIA', 0, 4),
(3397, 'SANTIAGO', 'CERRILOS ', 0, 4),
(211, 'LAS CONDES', 'PEñALOLéN', 3000, 2),
(3396, 'SANTIAGO', 'ÑUñOA', 0, 4),
(3395, 'SAN RAMóN', 'SAN BERNARDO', 0, 4),
(3394, 'SAN RAMóN', 'COLINA', 0, 4),
(3393, 'SAN RAMóN', 'QUILICURA', 0, 4),
(3391, 'SAN RAMóN', 'MAIPU', 0, 4),
(3392, 'SAN RAMóN', 'PUDAHUEL', 0, 4),
(3390, 'SAN RAMóN', 'LO BARNECHEA', 0, 4),
(3389, 'SAN RAMóN', 'EL BOSQUE', 0, 4),
(3388, 'SAN RAMóN', 'VITACURA', 0, 4),
(3387, 'SAN RAMóN', 'SANTIAGO', 0, 4),
(3386, 'SAN RAMóN', 'SAN RAMóN', 0, 4),
(3385, 'SAN RAMóN', 'SAN MIGUEL', 0, 4),
(3384, 'SAN RAMóN', 'SAN JOAQUIN', 0, 4),
(3383, 'SAN RAMóN', 'RENCA', 0, 4),
(3382, 'SAN RAMóN', 'RECOLETA', 0, 4),
(3381, 'SAN RAMóN', 'QUINA NORMAL', 0, 4),
(3380, 'SAN RAMóN', 'PUENTE ALTO', 0, 4),
(3379, 'SAN RAMóN', 'PROVIDENCIA', 0, 4),
(3378, 'SAN RAMóN', 'PEñALOLEN', 0, 4),
(3377, 'SAN RAMóN', 'PEDRO AGUIRRE CERDA', 0, 4),
(3376, 'SAN RAMóN', 'MACUL', 0, 4),
(3375, 'SAN RAMóN', 'LO PRADO', 0, 4),
(3374, 'SAN RAMóN', 'LO ESPEJO', 0, 4),
(3372, 'SAN RAMóN', 'LA REINA', 0, 4),
(246, 'LAS CONDES', 'PROVIDENCIA', 3000, 2),
(3373, 'SAN RAMóN', 'LAS CONDES ', 0, 4),
(3371, 'SAN RAMóN', 'LA PINTANA', 0, 4),
(3370, 'SAN RAMóN', 'LA GRANJA', 0, 4),
(3369, 'SAN RAMóN', 'LA FLORIDA', 0, 4),
(3368, 'SAN RAMóN', 'LA CISTERNA', 0, 4),
(3367, 'SAN RAMóN', 'INDEPENDENCIA', 0, 4),
(3366, 'SAN RAMóN', 'HUECHURABA', 0, 4),
(3365, 'SAN RAMóN', 'ESTACIóN CENTRAL', 0, 4),
(3364, 'SAN RAMóN', 'CONCHALí', 0, 4),
(3362, 'SAN RAMóN', 'CERRILOS ', 0, 4),
(3363, 'SAN RAMóN', 'CERRO NAVIA', 0, 4),
(3361, 'SAN RAMóN', 'ÑUñOA', 0, 4),
(3360, 'SAN MIGUEL', 'SAN BERNARDO', 0, 4),
(3359, 'SAN MIGUEL', 'COLINA', 0, 4),
(3358, 'SAN MIGUEL', 'QUILICURA', 0, 4),
(3356, 'SAN MIGUEL', 'MAIPU', 0, 4),
(3357, 'SAN MIGUEL', 'PUDAHUEL', 0, 4),
(3355, 'SAN MIGUEL', 'LO BARNECHEA', 0, 4),
(3353, 'SAN MIGUEL', 'VITACURA', 0, 4),
(3354, 'SAN MIGUEL', 'EL BOSQUE', 0, 4),
(3351, 'SAN MIGUEL', 'SAN RAMóN', 0, 4),
(281, 'LAS CONDES', 'RECOLETA', 3000, 2),
(3352, 'SAN MIGUEL', 'SANTIAGO', 0, 4),
(3350, 'SAN MIGUEL', 'SAN MIGUEL', 0, 4),
(3349, 'SAN MIGUEL', 'SAN JOAQUIN', 0, 4),
(3348, 'SAN MIGUEL', 'RENCA', 0, 4),
(3347, 'SAN MIGUEL', 'RECOLETA', 0, 4),
(3346, 'SAN MIGUEL', 'QUINA NORMAL', 0, 4),
(3345, 'SAN MIGUEL', 'PUENTE ALTO', 0, 4),
(3344, 'SAN MIGUEL', 'PROVIDENCIA', 0, 4),
(3343, 'SAN MIGUEL', 'PEñALOLEN', 0, 4),
(3342, 'SAN MIGUEL', 'PEDRO AGUIRRE CERDA', 0, 4),
(3341, 'SAN MIGUEL', 'MACUL', 0, 4),
(3340, 'SAN MIGUEL', 'LO PRADO', 0, 4),
(3339, 'SAN MIGUEL', 'LO ESPEJO', 0, 4),
(3338, 'SAN MIGUEL', 'LAS CONDES ', 0, 4),
(3337, 'SAN MIGUEL', 'LA REINA', 0, 4),
(3336, 'SAN MIGUEL', 'LA PINTANA', 0, 4),
(3335, 'SAN MIGUEL', 'LA GRANJA', 0, 4),
(3334, 'SAN MIGUEL', 'LA FLORIDA', 0, 4),
(316, 'LAS CONDES', 'SANTIAGO', 3000, 2),
(3333, 'SAN MIGUEL', 'LA CISTERNA', 0, 4),
(3332, 'SAN MIGUEL', 'INDEPENDENCIA', 0, 4),
(3331, 'SAN MIGUEL', 'HUECHURABA', 0, 4),
(3330, 'SAN MIGUEL', 'ESTACIóN CENTRAL', 0, 4),
(3329, 'SAN MIGUEL', 'CONCHALí', 0, 4),
(3328, 'SAN MIGUEL', 'CERRO NAVIA', 0, 4),
(3327, 'SAN MIGUEL', 'CERRILOS ', 0, 4),
(3326, 'SAN MIGUEL', 'ÑUñOA', 0, 4),
(3325, 'SAN JOAQUIN', 'SAN BERNARDO', 0, 4),
(3324, 'SAN JOAQUIN', 'COLINA', 0, 4),
(3323, 'SAN JOAQUIN', 'QUILICURA', 0, 4),
(3322, 'SAN JOAQUIN', 'PUDAHUEL', 0, 4),
(3321, 'SAN JOAQUIN', 'MAIPU', 0, 4),
(3320, 'SAN JOAQUIN', 'LO BARNECHEA', 0, 4),
(3319, 'SAN JOAQUIN', 'EL BOSQUE', 0, 4),
(3318, 'SAN JOAQUIN', 'VITACURA', 0, 4),
(3317, 'SAN JOAQUIN', 'SANTIAGO', 0, 4),
(3316, 'SAN JOAQUIN', 'SAN RAMóN', 0, 4),
(3315, 'SAN JOAQUIN', 'SAN MIGUEL', 0, 4),
(3314, 'SAN JOAQUIN', 'SAN JOAQUIN', 0, 4),
(351, 'LAS CONDES', 'VITACURA', 3000, 2),
(3313, 'SAN JOAQUIN', 'RENCA', 0, 4),
(3312, 'SAN JOAQUIN', 'RECOLETA', 0, 4),
(3311, 'SAN JOAQUIN', 'QUINA NORMAL', 0, 4),
(3310, 'SAN JOAQUIN', 'PUENTE ALTO', 0, 4),
(3309, 'SAN JOAQUIN', 'PROVIDENCIA', 0, 4),
(3308, 'SAN JOAQUIN', 'PEñALOLEN', 0, 4),
(3307, 'SAN JOAQUIN', 'PEDRO AGUIRRE CERDA', 0, 4),
(3306, 'SAN JOAQUIN', 'MACUL', 0, 4),
(3305, 'SAN JOAQUIN', 'LO PRADO', 0, 4),
(3304, 'SAN JOAQUIN', 'LO ESPEJO', 0, 4),
(3303, 'SAN JOAQUIN', 'LAS CONDES ', 0, 4),
(3302, 'SAN JOAQUIN', 'LA REINA', 0, 4),
(3301, 'SAN JOAQUIN', 'LA PINTANA', 0, 4),
(3300, 'SAN JOAQUIN', 'LA GRANJA', 0, 4),
(3299, 'SAN JOAQUIN', 'LA FLORIDA', 0, 4),
(3298, 'SAN JOAQUIN', 'LA CISTERNA', 0, 4),
(3297, 'SAN JOAQUIN', 'INDEPENDENCIA', 0, 4),
(3296, 'SAN JOAQUIN', 'HUECHURABA', 0, 4),
(3295, 'SAN JOAQUIN', 'ESTACIóN CENTRAL', 0, 4),
(3294, 'SAN JOAQUIN', 'CONCHALí', 0, 4),
(386, 'LAS CONDES', 'CONCHALí', 3500, 2),
(3293, 'SAN JOAQUIN', 'CERRO NAVIA', 0, 4),
(3292, 'SAN JOAQUIN', 'CERRILOS ', 0, 4),
(3291, 'SAN JOAQUIN', 'ÑUñOA', 0, 4),
(3290, 'RENCA', 'SAN BERNARDO', 0, 4),
(3289, 'RENCA', 'COLINA', 0, 4),
(3288, 'RENCA', 'QUILICURA', 0, 4),
(3287, 'RENCA', 'PUDAHUEL', 0, 4),
(3286, 'RENCA', 'MAIPU', 0, 4),
(3285, 'RENCA', 'LO BARNECHEA', 0, 4),
(3284, 'RENCA', 'EL BOSQUE', 0, 4),
(3283, 'RENCA', 'VITACURA', 0, 4),
(3281, 'RENCA', 'SAN RAMóN', 0, 4),
(3282, 'RENCA', 'SANTIAGO', 0, 4),
(3280, 'RENCA', 'SAN MIGUEL', 0, 4),
(3279, 'RENCA', 'SAN JOAQUIN', 0, 4),
(3278, 'RENCA', 'RENCA', 0, 4),
(3277, 'RENCA', 'RECOLETA', 0, 4),
(3276, 'RENCA', 'QUINA NORMAL', 0, 4),
(3275, 'RENCA', 'PUENTE ALTO', 0, 4),
(3274, 'RENCA', 'PROVIDENCIA', 0, 4),
(3273, 'RENCA', 'PEñALOLEN', 0, 4),
(3272, 'RENCA', 'PEDRO AGUIRRE CERDA', 0, 4),
(3271, 'RENCA', 'MACUL', 0, 4),
(3270, 'RENCA', 'LO PRADO', 0, 4),
(3269, 'RENCA', 'LO ESPEJO', 0, 4),
(3268, 'RENCA', 'LAS CONDES ', 0, 4),
(421, 'LAS CONDES', 'INDEPENDENCIA', 3500, 2),
(3267, 'RENCA', 'LA REINA', 0, 4),
(3266, 'RENCA', 'LA PINTANA', 0, 4),
(3265, 'RENCA', 'LA GRANJA', 0, 4),
(3264, 'RENCA', 'LA FLORIDA', 0, 4),
(3263, 'RENCA', 'LA CISTERNA', 0, 4),
(3262, 'RENCA', 'INDEPENDENCIA', 0, 4),
(3261, 'RENCA', 'HUECHURABA', 0, 4),
(3260, 'RENCA', 'ESTACIóN CENTRAL', 0, 4),
(3259, 'RENCA', 'CONCHALí', 0, 4),
(3258, 'RENCA', 'CERRO NAVIA', 0, 4),
(3257, 'RENCA', 'CERRILOS ', 0, 4),
(3256, 'RENCA', 'ÑUñOA', 0, 4),
(3255, 'RECOLETA', 'SAN BERNARDO', 0, 4),
(3254, 'RECOLETA', 'COLINA', 0, 4),
(3253, 'RECOLETA', 'QUILICURA', 0, 4),
(3251, 'RECOLETA', 'MAIPU', 0, 4),
(3252, 'RECOLETA', 'PUDAHUEL', 0, 4),
(3250, 'RECOLETA', 'LO BARNECHEA', 0, 4),
(3249, 'RECOLETA', 'EL BOSQUE', 0, 4),
(3248, 'RECOLETA', 'VITACURA', 0, 4),
(3247, 'RECOLETA', 'SANTIAGO', 0, 4),
(3246, 'RECOLETA', 'SAN RAMóN', 0, 4),
(3245, 'RECOLETA', 'SAN MIGUEL', 0, 4),
(3244, 'RECOLETA', 'SAN JOAQUIN', 0, 4),
(3243, 'RECOLETA', 'RENCA', 0, 4),
(3242, 'RECOLETA', 'RECOLETA', 0, 4),
(3241, 'RECOLETA', 'QUINA NORMAL', 0, 4),
(3240, 'RECOLETA', 'PUENTE ALTO', 0, 4),
(3239, 'RECOLETA', 'PROVIDENCIA', 0, 4),
(3238, 'RECOLETA', 'PEñALOLEN', 0, 4),
(3237, 'RECOLETA', 'PEDRO AGUIRRE CERDA', 0, 4),
(456, 'LAS CONDES', 'LA CISTERNA', 3500, 2),
(3236, 'RECOLETA', 'MACUL', 0, 4),
(3235, 'RECOLETA', 'LO PRADO', 0, 4),
(3234, 'RECOLETA', 'LO ESPEJO', 0, 4),
(3233, 'RECOLETA', 'LAS CONDES ', 0, 4),
(3232, 'RECOLETA', 'LA REINA', 0, 4),
(3231, 'RECOLETA', 'LA PINTANA', 0, 4),
(3230, 'RECOLETA', 'LA GRANJA', 0, 4),
(3229, 'RECOLETA', 'LA FLORIDA', 0, 4),
(3228, 'RECOLETA', 'LA CISTERNA', 0, 4),
(3227, 'RECOLETA', 'INDEPENDENCIA', 0, 4),
(3226, 'RECOLETA', 'HUECHURABA', 0, 4),
(3225, 'RECOLETA', 'ESTACIóN CENTRAL', 0, 4),
(3223, 'RECOLETA', 'CERRO NAVIA', 0, 4),
(3224, 'RECOLETA', 'CONCHALí', 0, 4),
(3222, 'RECOLETA', 'CERRILOS ', 0, 4),
(3221, 'RECOLETA', 'ÑUñOA', 0, 4),
(3220, 'QUINA NORMAL', 'SAN BERNARDO', 0, 4),
(3219, 'QUINA NORMAL', 'COLINA', 0, 4),
(3218, 'QUINA NORMAL', 'QUILICURA', 0, 4),
(3217, 'QUINA NORMAL', 'PUDAHUEL', 0, 4),
(3216, 'QUINA NORMAL', 'MAIPU', 0, 4),
(3215, 'QUINA NORMAL', 'LO BARNECHEA', 0, 4),
(3214, 'QUINA NORMAL', 'EL BOSQUE', 0, 4),
(491, 'LAS CONDES', 'LA FLORIDA', 3500, 2),
(3213, 'QUINA NORMAL', 'VITACURA', 0, 4),
(3212, 'QUINA NORMAL', 'SANTIAGO', 0, 4),
(3211, 'QUINA NORMAL', 'SAN RAMóN', 0, 4),
(3210, 'QUINA NORMAL', 'SAN MIGUEL', 0, 4),
(3209, 'QUINA NORMAL', 'SAN JOAQUIN', 0, 4),
(3208, 'QUINA NORMAL', 'RENCA', 0, 4),
(3207, 'QUINA NORMAL', 'RECOLETA', 0, 4),
(3206, 'QUINA NORMAL', 'QUINA NORMAL', 0, 4),
(3205, 'QUINA NORMAL', 'PUENTE ALTO', 0, 4),
(3204, 'QUINA NORMAL', 'PROVIDENCIA', 0, 4),
(3203, 'QUINA NORMAL', 'PEñALOLEN', 0, 4),
(3202, 'QUINA NORMAL', 'PEDRO AGUIRRE CERDA', 0, 4),
(3201, 'QUINA NORMAL', 'MACUL', 0, 4),
(3200, 'QUINA NORMAL', 'LO PRADO', 0, 4),
(3199, 'QUINA NORMAL', 'LO ESPEJO', 0, 4),
(3198, 'QUINA NORMAL', 'LAS CONDES ', 0, 4),
(3197, 'QUINA NORMAL', 'LA REINA', 0, 4),
(3196, 'QUINA NORMAL', 'LA PINTANA', 0, 4),
(3195, 'QUINA NORMAL', 'LA GRANJA', 0, 4),
(3194, 'QUINA NORMAL', 'LA FLORIDA', 0, 4),
(526, 'LAS CONDES', 'LA GRANJA', 3500, 2),
(3193, 'QUINA NORMAL', 'LA CISTERNA', 0, 4),
(3192, 'QUINA NORMAL', 'INDEPENDENCIA', 0, 4),
(3191, 'QUINA NORMAL', 'HUECHURABA', 0, 4),
(3190, 'QUINA NORMAL', 'ESTACIóN CENTRAL', 0, 4),
(3189, 'QUINA NORMAL', 'CONCHALí', 0, 4),
(3188, 'QUINA NORMAL', 'CERRO NAVIA', 0, 4),
(3187, 'QUINA NORMAL', 'CERRILOS ', 0, 4),
(3186, 'QUINA NORMAL', 'ÑUñOA', 0, 4),
(3185, 'PUENTE ALTO', 'SAN BERNARDO', 0, 4),
(3184, 'PUENTE ALTO', 'COLINA', 0, 4),
(3183, 'PUENTE ALTO', 'QUILICURA', 0, 4),
(3182, 'PUENTE ALTO', 'PUDAHUEL', 0, 4),
(3181, 'PUENTE ALTO', 'MAIPU', 0, 4),
(3180, 'PUENTE ALTO', 'LO BARNECHEA', 0, 4),
(3179, 'PUENTE ALTO', 'EL BOSQUE', 0, 4),
(3178, 'PUENTE ALTO', 'VITACURA', 0, 4),
(3177, 'PUENTE ALTO', 'SANTIAGO', 0, 4),
(3176, 'PUENTE ALTO', 'SAN RAMóN', 0, 4),
(3175, 'PUENTE ALTO', 'SAN MIGUEL', 0, 4),
(3174, 'PUENTE ALTO', 'SAN JOAQUIN', 0, 4),
(3173, 'PUENTE ALTO', 'RENCA', 0, 4),
(3172, 'PUENTE ALTO', 'RECOLETA', 0, 4),
(561, 'LAS CONDES', 'LA PINTANA', 3500, 2),
(3171, 'PUENTE ALTO', 'QUINA NORMAL', 0, 4),
(3170, 'PUENTE ALTO', 'PUENTE ALTO', 0, 4),
(3169, 'PUENTE ALTO', 'PROVIDENCIA', 0, 4),
(3168, 'PUENTE ALTO', 'PEñALOLEN', 0, 4),
(3167, 'PUENTE ALTO', 'PEDRO AGUIRRE CERDA', 0, 4),
(3166, 'PUENTE ALTO', 'MACUL', 0, 4),
(3165, 'PUENTE ALTO', 'LO PRADO', 0, 4),
(3164, 'PUENTE ALTO', 'LO ESPEJO', 0, 4),
(3163, 'PUENTE ALTO', 'LAS CONDES ', 0, 4),
(3162, 'PUENTE ALTO', 'LA REINA', 0, 4),
(3161, 'PUENTE ALTO', 'LA PINTANA', 0, 4),
(3160, 'PUENTE ALTO', 'LA GRANJA', 0, 4),
(3159, 'PUENTE ALTO', 'LA FLORIDA', 0, 4),
(3158, 'PUENTE ALTO', 'LA CISTERNA', 0, 4),
(3157, 'PUENTE ALTO', 'INDEPENDENCIA', 0, 4),
(3156, 'PUENTE ALTO', 'HUECHURABA', 0, 4),
(3155, 'PUENTE ALTO', 'ESTACIóN CENTRAL', 0, 4),
(3154, 'PUENTE ALTO', 'CONCHALí', 0, 4),
(3153, 'PUENTE ALTO', 'CERRO NAVIA', 0, 4),
(3152, 'PUENTE ALTO', 'CERRILOS ', 0, 4),
(3151, 'PUENTE ALTO', 'ÑUñOA', 0, 4),
(3150, 'PROVIDENCIA', 'SAN BERNARDO', 0, 4),
(3149, 'PROVIDENCIA', 'COLINA', 0, 4),
(596, 'LAS CONDES', 'PEDRO AGUIRRE CERDA', 3500, 2),
(3148, 'PROVIDENCIA', 'QUILICURA', 0, 4),
(3147, 'PROVIDENCIA', 'PUDAHUEL', 0, 4),
(3146, 'PROVIDENCIA', 'MAIPU', 0, 4),
(3145, 'PROVIDENCIA', 'LO BARNECHEA', 0, 4),
(3144, 'PROVIDENCIA', 'EL BOSQUE', 0, 4),
(3143, 'PROVIDENCIA', 'VITACURA', 0, 4),
(3142, 'PROVIDENCIA', 'SANTIAGO', 0, 4),
(3141, 'PROVIDENCIA', 'SAN RAMóN', 0, 4),
(3140, 'PROVIDENCIA', 'SAN MIGUEL', 0, 4),
(3139, 'PROVIDENCIA', 'SAN JOAQUIN', 0, 4),
(3138, 'PROVIDENCIA', 'RENCA', 0, 4),
(3137, 'PROVIDENCIA', 'RECOLETA', 0, 4),
(3136, 'PROVIDENCIA', 'QUINA NORMAL', 0, 4),
(3135, 'PROVIDENCIA', 'PUENTE ALTO', 0, 4),
(3134, 'PROVIDENCIA', 'PROVIDENCIA', 0, 4),
(3133, 'PROVIDENCIA', 'PEñALOLEN', 0, 4),
(3132, 'PROVIDENCIA', 'PEDRO AGUIRRE CERDA', 0, 4),
(3131, 'PROVIDENCIA', 'MACUL', 0, 4),
(3130, 'PROVIDENCIA', 'LO PRADO', 0, 4),
(3129, 'PROVIDENCIA', 'LO ESPEJO', 0, 4),
(3128, 'PROVIDENCIA', 'LAS CONDES ', 0, 4),
(3127, 'PROVIDENCIA', 'LA REINA', 0, 4),
(3126, 'PROVIDENCIA', 'LA PINTANA', 0, 4),
(3125, 'PROVIDENCIA', 'LA GRANJA', 0, 4),
(3124, 'PROVIDENCIA', 'LA FLORIDA', 0, 4),
(3123, 'PROVIDENCIA', 'LA CISTERNA', 0, 4),
(3122, 'PROVIDENCIA', 'INDEPENDENCIA', 0, 4),
(3121, 'PROVIDENCIA', 'HUECHURABA', 0, 4),
(3120, 'PROVIDENCIA', 'ESTACIóN CENTRAL', 0, 4),
(3118, 'PROVIDENCIA', 'CERRO NAVIA', 0, 4),
(631, 'LAS CONDES', 'RENCA', 3500, 2),
(3119, 'PROVIDENCIA', 'CONCHALí', 0, 4),
(3117, 'PROVIDENCIA', 'CERRILOS ', 0, 4),
(3116, 'PROVIDENCIA', 'ÑUñOA', 0, 4),
(3115, 'PEñALOLEN', 'SAN BERNARDO', 0, 4),
(3114, 'PEñALOLEN', 'COLINA', 0, 4),
(3113, 'PEñALOLEN', 'QUILICURA', 0, 4),
(3112, 'PEñALOLEN', 'PUDAHUEL', 0, 4),
(3111, 'PEñALOLEN', 'MAIPU', 0, 4),
(3110, 'PEñALOLEN', 'LO BARNECHEA', 0, 4),
(3109, 'PEñALOLEN', 'EL BOSQUE', 0, 4),
(3108, 'PEñALOLEN', 'VITACURA', 0, 4),
(3107, 'PEñALOLEN', 'SANTIAGO', 0, 4),
(3106, 'PEñALOLEN', 'SAN RAMóN', 0, 4),
(3105, 'PEñALOLEN', 'SAN MIGUEL', 0, 4),
(3104, 'PEñALOLEN', 'SAN JOAQUIN', 0, 4),
(3103, 'PEñALOLEN', 'RENCA', 0, 4),
(3102, 'PEñALOLEN', 'RECOLETA', 0, 4),
(3101, 'PEñALOLEN', 'QUINA NORMAL', 0, 4),
(666, 'LAS CONDES', 'SAN JOAQUíN', 3500, 2),
(3100, 'PEñALOLEN', 'PUENTE ALTO', 0, 4),
(3099, 'PEñALOLEN', 'PROVIDENCIA', 0, 4),
(3098, 'PEñALOLEN', 'PEñALOLEN', 0, 4),
(3097, 'PEñALOLEN', 'PEDRO AGUIRRE CERDA', 0, 4),
(3096, 'PEñALOLEN', 'MACUL', 0, 4),
(3095, 'PEñALOLEN', 'LO PRADO', 0, 4),
(3094, 'PEñALOLEN', 'LO ESPEJO', 0, 4),
(3093, 'PEñALOLEN', 'LAS CONDES ', 0, 4),
(3092, 'PEñALOLEN', 'LA REINA', 0, 4),
(3090, 'PEñALOLEN', 'LA GRANJA', 0, 4),
(3091, 'PEñALOLEN', 'LA PINTANA', 0, 4),
(3089, 'PEñALOLEN', 'LA FLORIDA', 0, 4),
(3088, 'PEñALOLEN', 'LA CISTERNA', 0, 4),
(3087, 'PEñALOLEN', 'INDEPENDENCIA', 0, 4),
(3086, 'PEñALOLEN', 'HUECHURABA', 0, 4),
(3085, 'PEñALOLEN', 'ESTACIóN CENTRAL', 0, 4),
(3084, 'PEñALOLEN', 'CONCHALí', 0, 4),
(3083, 'PEñALOLEN', 'CERRO NAVIA', 0, 4),
(3082, 'PEñALOLEN', 'CERRILOS ', 0, 4),
(3081, 'PEñALOLEN', 'ÑUñOA', 0, 4),
(3080, 'PEDRO AGUIRRE CERDA', 'SAN BERNARDO', 0, 4),
(3079, 'PEDRO AGUIRRE CERDA', 'COLINA', 0, 4),
(3078, 'PEDRO AGUIRRE CERDA', 'QUILICURA', 0, 4),
(3077, 'PEDRO AGUIRRE CERDA', 'PUDAHUEL', 0, 4),
(3076, 'PEDRO AGUIRRE CERDA', 'MAIPU', 0, 4),
(701, 'LAS CONDES', 'SAN MIGUEL', 3500, 2),
(3075, 'PEDRO AGUIRRE CERDA', 'LO BARNECHEA', 0, 4),
(3074, 'PEDRO AGUIRRE CERDA', 'EL BOSQUE', 0, 4),
(3073, 'PEDRO AGUIRRE CERDA', 'VITACURA', 0, 4),
(3072, 'PEDRO AGUIRRE CERDA', 'SANTIAGO', 0, 4),
(3071, 'PEDRO AGUIRRE CERDA', 'SAN RAMóN', 0, 4),
(3070, 'PEDRO AGUIRRE CERDA', 'SAN MIGUEL', 0, 4),
(3069, 'PEDRO AGUIRRE CERDA', 'SAN JOAQUIN', 0, 4),
(3068, 'PEDRO AGUIRRE CERDA', 'RENCA', 0, 4),
(3067, 'PEDRO AGUIRRE CERDA', 'RECOLETA', 0, 4),
(3066, 'PEDRO AGUIRRE CERDA', 'QUINA NORMAL', 0, 4),
(3065, 'PEDRO AGUIRRE CERDA', 'PUENTE ALTO', 0, 4),
(3064, 'PEDRO AGUIRRE CERDA', 'PROVIDENCIA', 0, 4),
(3063, 'PEDRO AGUIRRE CERDA', 'PEñALOLEN', 0, 4),
(3062, 'PEDRO AGUIRRE CERDA', 'PEDRO AGUIRRE CERDA', 0, 4),
(3061, 'PEDRO AGUIRRE CERDA', 'MACUL', 0, 4),
(3060, 'PEDRO AGUIRRE CERDA', 'LO PRADO', 0, 4),
(3059, 'PEDRO AGUIRRE CERDA', 'LO ESPEJO', 0, 4),
(736, 'LAS CONDES', 'SAN RAMóN', 3500, 2),
(3058, 'PEDRO AGUIRRE CERDA', 'LAS CONDES ', 0, 4),
(3057, 'PEDRO AGUIRRE CERDA', 'LA REINA', 0, 4),
(3056, 'PEDRO AGUIRRE CERDA', 'LA PINTANA', 0, 4),
(3055, 'PEDRO AGUIRRE CERDA', 'LA GRANJA', 0, 4),
(3054, 'PEDRO AGUIRRE CERDA', 'LA FLORIDA', 0, 4),
(3053, 'PEDRO AGUIRRE CERDA', 'LA CISTERNA', 0, 4),
(3052, 'PEDRO AGUIRRE CERDA', 'INDEPENDENCIA', 0, 4),
(3051, 'PEDRO AGUIRRE CERDA', 'HUECHURABA', 0, 4),
(3050, 'PEDRO AGUIRRE CERDA', 'ESTACIóN CENTRAL', 0, 4),
(3049, 'PEDRO AGUIRRE CERDA', 'CONCHALí', 0, 4),
(3048, 'PEDRO AGUIRRE CERDA', 'CERRO NAVIA', 0, 4),
(3047, 'PEDRO AGUIRRE CERDA', 'CERRILOS ', 0, 4),
(3046, 'PEDRO AGUIRRE CERDA', 'ÑUñOA', 0, 4),
(3045, 'MACUL', 'SAN BERNARDO', 0, 4),
(3044, 'MACUL', 'COLINA', 0, 4),
(3043, 'MACUL', 'QUILICURA', 0, 4),
(3042, 'MACUL', 'PUDAHUEL', 0, 4),
(3041, 'MACUL', 'MAIPU', 0, 4),
(3040, 'MACUL', 'LO BARNECHEA', 0, 4),
(3039, 'MACUL', 'EL BOSQUE', 0, 4),
(3037, 'MACUL', 'SANTIAGO', 0, 4),
(771, 'LAS CONDES', 'CERRILLOS ', 3800, 2),
(3038, 'MACUL', 'VITACURA', 0, 4),
(3036, 'MACUL', 'SAN RAMóN', 0, 4),
(3035, 'MACUL', 'SAN MIGUEL', 0, 4),
(3034, 'MACUL', 'SAN JOAQUIN', 0, 4),
(3033, 'MACUL', 'RENCA', 0, 4),
(3032, 'MACUL', 'RECOLETA', 0, 4),
(3031, 'MACUL', 'QUINA NORMAL', 0, 4),
(3030, 'MACUL', 'PUENTE ALTO', 0, 4),
(3029, 'MACUL', 'PROVIDENCIA', 0, 4),
(3028, 'MACUL', 'PEñALOLEN', 0, 4),
(3027, 'MACUL', 'PEDRO AGUIRRE CERDA', 0, 4),
(3026, 'MACUL', 'MACUL', 0, 4),
(3025, 'MACUL', 'LO PRADO', 0, 4),
(3024, 'MACUL', 'LO ESPEJO', 0, 4),
(3023, 'MACUL', 'LAS CONDES ', 0, 4),
(3022, 'MACUL', 'LA REINA', 0, 4),
(3021, 'MACUL', 'LA PINTANA', 0, 4),
(3020, 'MACUL', 'LA GRANJA', 0, 4),
(3019, 'MACUL', 'LA FLORIDA', 0, 4),
(3018, 'MACUL', 'LA CISTERNA', 0, 4),
(3017, 'MACUL', 'INDEPENDENCIA', 0, 4),
(3016, 'MACUL', 'HUECHURABA', 0, 4),
(3014, 'MACUL', 'CONCHALí', 0, 4),
(3015, 'MACUL', 'ESTACIóN CENTRAL', 0, 4),
(3013, 'MACUL', 'CERRO NAVIA', 0, 4),
(3012, 'MACUL', 'CERRILOS ', 0, 4),
(3011, 'MACUL', 'ÑUñOA', 0, 4),
(3010, 'LO PRADO', 'SAN BERNARDO', 0, 4),
(3009, 'LO PRADO', 'COLINA', 0, 4),
(3008, 'LO PRADO', 'QUILICURA', 0, 4),
(806, 'LAS CONDES', 'CERRO NAVIA', 3800, 2),
(3007, 'LO PRADO', 'PUDAHUEL', 0, 4),
(3006, 'LO PRADO', 'MAIPU', 0, 4),
(3005, 'LO PRADO', 'LO BARNECHEA', 0, 4),
(3004, 'LO PRADO', 'EL BOSQUE', 0, 4),
(3003, 'LO PRADO', 'VITACURA', 0, 4),
(3002, 'LO PRADO', 'SANTIAGO', 0, 4),
(3001, 'LO PRADO', 'SAN RAMóN', 0, 4),
(3000, 'LO PRADO', 'SAN MIGUEL', 0, 4),
(2999, 'LO PRADO', 'SAN JOAQUIN', 0, 4),
(2998, 'LO PRADO', 'RENCA', 0, 4),
(2997, 'LO PRADO', 'RECOLETA', 0, 4),
(2996, 'LO PRADO', 'QUINA NORMAL', 0, 4),
(2995, 'LO PRADO', 'PUENTE ALTO', 0, 4),
(2993, 'LO PRADO', 'PEñALOLEN', 0, 4),
(2994, 'LO PRADO', 'PROVIDENCIA', 0, 4),
(2992, 'LO PRADO', 'PEDRO AGUIRRE CERDA', 0, 4),
(2991, 'LO PRADO', 'MACUL', 0, 4),
(2990, 'LO PRADO', 'LO PRADO', 0, 4),
(2989, 'LO PRADO', 'LO ESPEJO', 0, 4),
(2988, 'LO PRADO', 'LAS CONDES ', 0, 4),
(2987, 'LO PRADO', 'LA REINA', 0, 4),
(2986, 'LO PRADO', 'LA PINTANA', 0, 4),
(2985, 'LO PRADO', 'LA GRANJA', 0, 4),
(2984, 'LO PRADO', 'LA FLORIDA', 0, 4),
(2983, 'LO PRADO', 'LA CISTERNA', 0, 4),
(2982, 'LO PRADO', 'INDEPENDENCIA', 0, 4),
(2981, 'LO PRADO', 'HUECHURABA', 0, 4),
(841, 'LAS CONDES', 'EL BOSQUE', 3800, 2),
(2980, 'LO PRADO', 'ESTACIóN CENTRAL', 0, 4),
(2979, 'LO PRADO', 'CONCHALí', 0, 4),
(2978, 'LO PRADO', 'CERRO NAVIA', 0, 4),
(2977, 'LO PRADO', 'CERRILOS ', 0, 4),
(2976, 'LO PRADO', 'ÑUñOA', 0, 4),
(2975, 'LO ESPEJO', 'SAN BERNARDO', 0, 4),
(2974, 'LO ESPEJO', 'COLINA', 0, 4),
(2973, 'LO ESPEJO', 'QUILICURA', 0, 4),
(2972, 'LO ESPEJO', 'PUDAHUEL', 0, 4),
(2971, 'LO ESPEJO', 'MAIPU', 0, 4),
(2970, 'LO ESPEJO', 'LO BARNECHEA', 0, 4),
(2969, 'LO ESPEJO', 'EL BOSQUE', 0, 4),
(2968, 'LO ESPEJO', 'VITACURA', 0, 4),
(2967, 'LO ESPEJO', 'SANTIAGO', 0, 4),
(2966, 'LO ESPEJO', 'SAN RAMóN', 0, 4),
(2965, 'LO ESPEJO', 'SAN MIGUEL', 0, 4),
(2964, 'LO ESPEJO', 'SAN JOAQUIN', 0, 4),
(2963, 'LO ESPEJO', 'RENCA', 0, 4),
(2962, 'LO ESPEJO', 'RECOLETA', 0, 4),
(2961, 'LO ESPEJO', 'QUINA NORMAL', 0, 4),
(2960, 'LO ESPEJO', 'PUENTE ALTO', 0, 4),
(2959, 'LO ESPEJO', 'PROVIDENCIA', 0, 4),
(876, 'LAS CONDES', 'ESTACIóN CENTRAL', 3800, 2),
(2958, 'LO ESPEJO', 'PEñALOLEN', 0, 4),
(2956, 'LO ESPEJO', 'MACUL', 0, 4),
(2957, 'LO ESPEJO', 'PEDRO AGUIRRE CERDA', 0, 4),
(2955, 'LO ESPEJO', 'LO PRADO', 0, 4),
(2954, 'LO ESPEJO', 'LO ESPEJO', 0, 4),
(2953, 'LO ESPEJO', 'LAS CONDES ', 0, 4),
(2952, 'LO ESPEJO', 'LA REINA', 0, 4),
(2951, 'LO ESPEJO', 'LA PINTANA', 0, 4),
(2950, 'LO ESPEJO', 'LA GRANJA', 0, 4),
(2949, 'LO ESPEJO', 'LA FLORIDA', 0, 4),
(2948, 'LO ESPEJO', 'LA CISTERNA', 0, 4),
(2947, 'LO ESPEJO', 'INDEPENDENCIA', 0, 4),
(2946, 'LO ESPEJO', 'HUECHURABA', 0, 4),
(2945, 'LO ESPEJO', 'ESTACIóN CENTRAL', 0, 4),
(2944, 'LO ESPEJO', 'CONCHALí', 0, 4),
(2943, 'LO ESPEJO', 'CERRO NAVIA', 0, 4),
(2942, 'LO ESPEJO', 'CERRILOS ', 0, 4),
(2941, 'LO ESPEJO', 'ÑUñOA', 0, 4),
(2940, 'LAS CONDES ', 'SAN BERNARDO', 0, 4),
(2939, 'LAS CONDES ', 'COLINA', 0, 4),
(2938, 'LAS CONDES ', 'QUILICURA', 0, 4),
(2937, 'LAS CONDES ', 'PUDAHUEL', 0, 4),
(2936, 'LAS CONDES ', 'MAIPU', 0, 4),
(2935, 'LAS CONDES ', 'LO BARNECHEA', 0, 4),
(2934, 'LAS CONDES ', 'EL BOSQUE', 0, 4),
(2933, 'LAS CONDES ', 'VITACURA', 0, 4),
(2932, 'LAS CONDES ', 'SANTIAGO', 0, 4),
(2930, 'LAS CONDES ', 'SAN MIGUEL', 0, 4),
(2931, 'LAS CONDES ', 'SAN RAMóN', 0, 4),
(2929, 'LAS CONDES ', 'SAN JOAQUIN', 0, 4),
(2928, 'LAS CONDES ', 'RENCA', 0, 4),
(2927, 'LAS CONDES ', 'RECOLETA', 0, 4),
(911, 'LAS CONDES', 'LO ESPEJO', 3800, 2),
(2926, 'LAS CONDES ', 'QUINA NORMAL', 0, 4),
(2925, 'LAS CONDES ', 'PUENTE ALTO', 0, 4),
(2924, 'LAS CONDES ', 'PROVIDENCIA', 0, 4),
(2923, 'LAS CONDES ', 'PEñALOLEN', 0, 4),
(2922, 'LAS CONDES ', 'PEDRO AGUIRRE CERDA', 0, 4),
(2921, 'LAS CONDES ', 'MACUL', 0, 4),
(2920, 'LAS CONDES ', 'LO PRADO', 0, 4),
(2919, 'LAS CONDES ', 'LO ESPEJO', 0, 4),
(2918, 'LAS CONDES ', 'LAS CONDES ', 0, 4),
(2917, 'LAS CONDES ', 'LA REINA', 0, 4),
(2916, 'LAS CONDES ', 'LA PINTANA', 0, 4),
(2915, 'LAS CONDES ', 'LA GRANJA', 0, 4),
(2914, 'LAS CONDES ', 'LA FLORIDA', 0, 4),
(2913, 'LAS CONDES ', 'LA CISTERNA', 0, 4),
(2912, 'LAS CONDES ', 'INDEPENDENCIA', 0, 4),
(2911, 'LAS CONDES ', 'HUECHURABA', 0, 4),
(2910, 'LAS CONDES ', 'ESTACIóN CENTRAL', 0, 4),
(2909, 'LAS CONDES ', 'CONCHALí', 0, 4),
(2908, 'LAS CONDES ', 'CERRO NAVIA', 0, 4),
(2907, 'LAS CONDES ', 'CERRILOS ', 0, 4),
(946, 'LAS CONDES', 'LO PRADO', 3800, 2),
(2906, 'LAS CONDES ', 'ÑUñOA', 0, 4),
(2905, 'LA REINA', 'SAN BERNARDO', 0, 4),
(2904, 'LA REINA', 'COLINA', 0, 4),
(2903, 'LA REINA', 'QUILICURA', 0, 4),
(2902, 'LA REINA', 'PUDAHUEL', 0, 4),
(2901, 'LA REINA', 'MAIPU', 0, 4),
(2900, 'LA REINA', 'LO BARNECHEA', 0, 4),
(2899, 'LA REINA', 'EL BOSQUE', 0, 4),
(2898, 'LA REINA', 'VITACURA', 0, 4),
(2897, 'LA REINA', 'SANTIAGO', 0, 4),
(2896, 'LA REINA', 'SAN RAMóN', 0, 4),
(2895, 'LA REINA', 'SAN MIGUEL', 0, 4),
(2894, 'LA REINA', 'SAN JOAQUIN', 0, 4),
(2893, 'LA REINA', 'RENCA', 0, 4),
(2892, 'LA REINA', 'RECOLETA', 0, 4),
(2891, 'LA REINA', 'QUINA NORMAL', 0, 4),
(2890, 'LA REINA', 'PUENTE ALTO', 0, 4),
(2889, 'LA REINA', 'PROVIDENCIA', 0, 4),
(2888, 'LA REINA', 'PEñALOLEN', 0, 4),
(2887, 'LA REINA', 'PEDRO AGUIRRE CERDA', 0, 4),
(2886, 'LA REINA', 'MACUL', 0, 4),
(981, 'LAS CONDES', 'PUENTE ALTO', 3800, 2),
(2885, 'LA REINA', 'LO PRADO', 0, 4),
(2884, 'LA REINA', 'LO ESPEJO', 0, 4),
(2883, 'LA REINA', 'LAS CONDES ', 0, 4),
(2882, 'LA REINA', 'LA REINA', 0, 4),
(2881, 'LA REINA', 'LA PINTANA', 0, 4),
(2880, 'LA REINA', 'LA GRANJA', 0, 4),
(2879, 'LA REINA', 'LA FLORIDA', 0, 4),
(2878, 'LA REINA', 'LA CISTERNA', 0, 4),
(2877, 'LA REINA', 'INDEPENDENCIA', 0, 4),
(2876, 'LA REINA', 'HUECHURABA', 0, 4),
(2875, 'LA REINA', 'ESTACIóN CENTRAL', 0, 4),
(2874, 'LA REINA', 'CONCHALí', 0, 4),
(2873, 'LA REINA', 'CERRO NAVIA', 0, 4),
(2872, 'LA REINA', 'CERRILOS ', 0, 4),
(2871, 'LA REINA', 'ÑUñOA', 0, 4),
(2870, 'LA PINTANA', 'SAN BERNARDO', 0, 4),
(2869, 'LA PINTANA', 'COLINA', 0, 4),
(2868, 'LA PINTANA', 'QUILICURA', 0, 4),
(2867, 'LA PINTANA', 'PUDAHUEL', 0, 4),
(2866, 'LA PINTANA', 'MAIPU', 0, 4),
(2864, 'LA PINTANA', 'EL BOSQUE', 0, 4),
(2865, 'LA PINTANA', 'LO BARNECHEA', 0, 4),
(2863, 'LA PINTANA', 'VITACURA', 0, 4),
(2862, 'LA PINTANA', 'SANTIAGO', 0, 4),
(2861, 'LA PINTANA', 'SAN RAMóN', 0, 4),
(2860, 'LA PINTANA', 'SAN MIGUEL', 0, 4),
(2859, 'LA PINTANA', 'SAN JOAQUIN', 0, 4),
(2858, 'LA PINTANA', 'RENCA', 0, 4),
(2857, 'LA PINTANA', 'RECOLETA', 0, 4),
(1016, 'LAS CONDES', 'QUILICURA', 3800, 2),
(2856, 'LA PINTANA', 'QUINA NORMAL', 0, 4),
(2855, 'LA PINTANA', 'PUENTE ALTO', 0, 4),
(2854, 'LA PINTANA', 'PROVIDENCIA', 0, 4),
(2853, 'LA PINTANA', 'PEñALOLEN', 0, 4),
(2852, 'LA PINTANA', 'PEDRO AGUIRRE CERDA', 0, 4),
(2851, 'LA PINTANA', 'MACUL', 0, 4),
(2850, 'LA PINTANA', 'LO PRADO', 0, 4),
(2849, 'LA PINTANA', 'LO ESPEJO', 0, 4),
(2848, 'LA PINTANA', 'LAS CONDES ', 0, 4),
(2847, 'LA PINTANA', 'LA REINA', 0, 4),
(2846, 'LA PINTANA', 'LA PINTANA', 0, 4),
(2845, 'LA PINTANA', 'LA GRANJA', 0, 4),
(2844, 'LA PINTANA', 'LA FLORIDA', 0, 4),
(2843, 'LA PINTANA', 'LA CISTERNA', 0, 4),
(2842, 'LA PINTANA', 'INDEPENDENCIA', 0, 4),
(2841, 'LA PINTANA', 'HUECHURABA', 0, 4),
(2840, 'LA PINTANA', 'ESTACIóN CENTRAL', 0, 4),
(2839, 'LA PINTANA', 'CONCHALí', 0, 4),
(2838, 'LA PINTANA', 'CERRO NAVIA', 0, 4),
(2837, 'LA PINTANA', 'CERRILOS ', 0, 4),
(2836, 'LA PINTANA', 'ÑUñOA', 0, 4),
(2835, 'LA GRANJA', 'SAN BERNARDO', 0, 4),
(2834, 'LA GRANJA', 'COLINA', 0, 4),
(2833, 'LA GRANJA', 'QUILICURA', 0, 4),
(2832, 'LA GRANJA', 'PUDAHUEL', 0, 4),
(1051, 'LAS CONDES', 'QUINTA NORMAL', 3800, 2),
(2831, 'LA GRANJA', 'MAIPU', 0, 4),
(2830, 'LA GRANJA', 'LO BARNECHEA', 0, 4),
(2829, 'LA GRANJA', 'EL BOSQUE', 0, 4),
(2828, 'LA GRANJA', 'VITACURA', 0, 4),
(2827, 'LA GRANJA', 'SANTIAGO', 0, 4),
(2826, 'LA GRANJA', 'SAN RAMóN', 0, 4),
(2825, 'LA GRANJA', 'SAN MIGUEL', 0, 4),
(2824, 'LA GRANJA', 'SAN JOAQUIN', 0, 4),
(2823, 'LA GRANJA', 'RENCA', 0, 4),
(2822, 'LA GRANJA', 'RECOLETA', 0, 4),
(2821, 'LA GRANJA', 'QUINA NORMAL', 0, 4),
(2820, 'LA GRANJA', 'PUENTE ALTO', 0, 4),
(2819, 'LA GRANJA', 'PROVIDENCIA', 0, 4),
(2818, 'LA GRANJA', 'PEñALOLEN', 0, 4),
(2817, 'LA GRANJA', 'PEDRO AGUIRRE CERDA', 0, 4),
(2816, 'LA GRANJA', 'MACUL', 0, 4),
(2815, 'LA GRANJA', 'LO PRADO', 0, 4),
(2814, 'LA GRANJA', 'LO ESPEJO', 0, 4),
(2813, 'LA GRANJA', 'LAS CONDES ', 0, 4),
(2812, 'LA GRANJA', 'LA REINA', 0, 4),
(2811, 'LA GRANJA', 'LA PINTANA', 0, 4),
(2810, 'LA GRANJA', 'LA GRANJA', 0, 4),
(2809, 'LA GRANJA', 'LA FLORIDA', 0, 4),
(2807, 'LA GRANJA', 'INDEPENDENCIA', 0, 4),
(2808, 'LA GRANJA', 'LA CISTERNA', 0, 4),
(2806, 'LA GRANJA', 'HUECHURABA', 0, 4),
(2805, 'LA GRANJA', 'ESTACIóN CENTRAL', 0, 4),
(2804, 'LA GRANJA', 'CONCHALí', 0, 4),
(2803, 'LA GRANJA', 'CERRO NAVIA', 0, 4),
(2802, 'LA GRANJA', 'CERRILOS ', 0, 4),
(1086, 'LAS CONDES', 'SAN BERNARDO', 3800, 2),
(2801, 'LA GRANJA', 'ÑUñOA', 0, 4),
(2800, 'LA FLORIDA', 'SAN BERNARDO', 0, 4),
(2799, 'LA FLORIDA', 'COLINA', 0, 4),
(2798, 'LA FLORIDA', 'QUILICURA', 0, 4),
(2797, 'LA FLORIDA', 'PUDAHUEL', 0, 4),
(2796, 'LA FLORIDA', 'MAIPU', 0, 4),
(2795, 'LA FLORIDA', 'LO BARNECHEA', 0, 4),
(2794, 'LA FLORIDA', 'EL BOSQUE', 0, 4),
(2793, 'LA FLORIDA', 'VITACURA', 0, 4),
(2792, 'LA FLORIDA', 'SANTIAGO', 0, 4),
(2791, 'LA FLORIDA', 'SAN RAMóN', 0, 4),
(2790, 'LA FLORIDA', 'SAN MIGUEL', 0, 4),
(2789, 'LA FLORIDA', 'SAN JOAQUIN', 0, 4),
(2788, 'LA FLORIDA', 'RENCA', 0, 4),
(2787, 'LA FLORIDA', 'RECOLETA', 0, 4),
(2786, 'LA FLORIDA', 'QUINA NORMAL', 0, 4),
(2785, 'LA FLORIDA', 'PUENTE ALTO', 0, 4),
(2784, 'LA FLORIDA', 'PROVIDENCIA', 0, 4),
(2783, 'LA FLORIDA', 'PEñALOLEN', 0, 4),
(2782, 'LA FLORIDA', 'PEDRO AGUIRRE CERDA', 0, 4),
(2781, 'LA FLORIDA', 'MACUL', 0, 4),
(2780, 'LA FLORIDA', 'LO PRADO', 0, 4),
(2779, 'LA FLORIDA', 'LO ESPEJO', 0, 4),
(2778, 'LA FLORIDA', 'LAS CONDES ', 0, 4),
(2777, 'LA FLORIDA', 'LA REINA', 0, 4),
(2776, 'LA FLORIDA', 'LA PINTANA', 0, 4),
(1121, 'LAS CONDES', 'COLINA', 4000, 2),
(2775, 'LA FLORIDA', 'LA GRANJA', 0, 4),
(2774, 'LA FLORIDA', 'LA FLORIDA', 0, 4),
(2773, 'LA FLORIDA', 'LA CISTERNA', 0, 4),
(2772, 'LA FLORIDA', 'INDEPENDENCIA', 0, 4),
(2771, 'LA FLORIDA', 'HUECHURABA', 0, 4),
(2770, 'LA FLORIDA', 'ESTACIóN CENTRAL', 0, 4),
(2769, 'LA FLORIDA', 'CONCHALí', 0, 4),
(2768, 'LA FLORIDA', 'CERRO NAVIA', 0, 4),
(2767, 'LA FLORIDA', 'CERRILOS ', 0, 4),
(2766, 'LA FLORIDA', 'ÑUñOA', 0, 4),
(2765, 'LA CISTERNA', 'SAN BERNARDO', 0, 4),
(2764, 'LA CISTERNA', 'COLINA', 0, 4),
(2763, 'LA CISTERNA', 'QUILICURA', 0, 4),
(2762, 'LA CISTERNA', 'PUDAHUEL', 0, 4),
(2761, 'LA CISTERNA', 'MAIPU', 0, 4),
(2760, 'LA CISTERNA', 'LO BARNECHEA', 0, 4),
(2759, 'LA CISTERNA', 'EL BOSQUE', 0, 4),
(1156, 'LAS CONDES', 'MAIPú', 4200, 2),
(2758, 'LA CISTERNA', 'VITACURA', 0, 4),
(2757, 'LA CISTERNA', 'SANTIAGO', 0, 4),
(2756, 'LA CISTERNA', 'SAN RAMóN', 0, 4),
(2755, 'LA CISTERNA', 'SAN MIGUEL', 0, 4),
(2754, 'LA CISTERNA', 'SAN JOAQUIN', 0, 4),
(2753, 'LA CISTERNA', 'RENCA', 0, 4),
(2752, 'LA CISTERNA', 'RECOLETA', 0, 4),
(2751, 'LA CISTERNA', 'QUINA NORMAL', 0, 4),
(2750, 'LA CISTERNA', 'PUENTE ALTO', 0, 4),
(2749, 'LA CISTERNA', 'PROVIDENCIA', 0, 4),
(2748, 'LA CISTERNA', 'PEñALOLEN', 0, 4),
(2747, 'LA CISTERNA', 'PEDRO AGUIRRE CERDA', 0, 4),
(2745, 'LA CISTERNA', 'LO PRADO', 0, 4),
(2746, 'LA CISTERNA', 'MACUL', 0, 4),
(2744, 'LA CISTERNA', 'LO ESPEJO', 0, 4),
(2742, 'LA CISTERNA', 'LA REINA', 0, 4),
(2743, 'LA CISTERNA', 'LAS CONDES ', 0, 4),
(2741, 'LA CISTERNA', 'LA PINTANA', 0, 4),
(2740, 'LA CISTERNA', 'LA GRANJA', 0, 4),
(1191, 'LAS CONDES', 'PUDAHUEL', 4200, 2),
(2738, 'LA CISTERNA', 'LA CISTERNA', 0, 4),
(2739, 'LA CISTERNA', 'LA FLORIDA', 0, 4),
(2737, 'LA CISTERNA', 'INDEPENDENCIA', 0, 4),
(2736, 'LA CISTERNA', 'HUECHURABA', 0, 4),
(2735, 'LA CISTERNA', 'ESTACIóN CENTRAL', 0, 4),
(2733, 'LA CISTERNA', 'CERRO NAVIA', 0, 4),
(2734, 'LA CISTERNA', 'CONCHALí', 0, 4),
(2732, 'LA CISTERNA', 'CERRILOS ', 0, 4),
(2730, 'INDEPENDENCIA', 'SAN BERNARDO', 0, 4),
(2731, 'LA CISTERNA', 'ÑUñOA', 0, 4),
(2729, 'INDEPENDENCIA', 'COLINA', 0, 4),
(2728, 'INDEPENDENCIA', 'QUILICURA', 0, 4),
(2727, 'INDEPENDENCIA', 'PUDAHUEL', 0, 4),
(2726, 'INDEPENDENCIA', 'MAIPU', 0, 4),
(2725, 'INDEPENDENCIA', 'LO BARNECHEA', 0, 4),
(2723, 'INDEPENDENCIA', 'VITACURA', 0, 4),
(2724, 'INDEPENDENCIA', 'EL BOSQUE', 0, 4),
(2722, 'INDEPENDENCIA', 'SANTIAGO', 0, 4),
(2721, 'INDEPENDENCIA', 'SAN RAMóN', 0, 4),
(2720, 'INDEPENDENCIA', 'SAN MIGUEL', 0, 4),
(2719, 'INDEPENDENCIA', 'SAN JOAQUIN', 0, 4),
(2718, 'INDEPENDENCIA', 'RENCA', 0, 4),
(2717, 'INDEPENDENCIA', 'RECOLETA', 0, 4),
(2716, 'INDEPENDENCIA', 'QUINA NORMAL', 0, 4),
(2715, 'INDEPENDENCIA', 'PUENTE ALTO', 0, 4),
(2714, 'INDEPENDENCIA', 'PROVIDENCIA', 0, 4),
(2713, 'INDEPENDENCIA', 'PEñALOLEN', 0, 4),
(2712, 'INDEPENDENCIA', 'PEDRO AGUIRRE CERDA', 0, 4),
(2711, 'INDEPENDENCIA', 'MACUL', 0, 4),
(2710, 'INDEPENDENCIA', 'LO PRADO', 0, 4),
(2709, 'INDEPENDENCIA', 'LO ESPEJO', 0, 4),
(2708, 'INDEPENDENCIA', 'LAS CONDES ', 0, 4),
(2707, 'INDEPENDENCIA', 'LA REINA', 0, 4),
(2706, 'INDEPENDENCIA', 'LA PINTANA', 0, 4),
(2705, 'INDEPENDENCIA', 'LA GRANJA', 0, 4),
(2704, 'INDEPENDENCIA', 'LA FLORIDA', 0, 4),
(2703, 'INDEPENDENCIA', 'LA CISTERNA', 0, 4),
(2702, 'INDEPENDENCIA', 'INDEPENDENCIA', 0, 4),
(2701, 'INDEPENDENCIA', 'HUECHURABA', 0, 4),
(2700, 'INDEPENDENCIA', 'ESTACIóN CENTRAL', 0, 4),
(2699, 'INDEPENDENCIA', 'CONCHALí', 0, 4),
(2698, 'INDEPENDENCIA', 'CERRO NAVIA', 0, 4),
(2697, 'INDEPENDENCIA', 'CERRILOS ', 0, 4),
(2696, 'INDEPENDENCIA', 'ÑUñOA', 0, 4),
(2695, 'HUECHURABA', 'SAN BERNARDO', 0, 4),
(2694, 'HUECHURABA', 'COLINA', 0, 4),
(2693, 'HUECHURABA', 'QUILICURA', 0, 4),
(2692, 'HUECHURABA', 'PUDAHUEL', 0, 4),
(2691, 'HUECHURABA', 'MAIPU', 0, 4),
(2690, 'HUECHURABA', 'LO BARNECHEA', 0, 4),
(2689, 'HUECHURABA', 'EL BOSQUE', 0, 4),
(2688, 'HUECHURABA', 'VITACURA', 0, 4),
(2687, 'HUECHURABA', 'SANTIAGO', 0, 4),
(2686, 'HUECHURABA', 'SAN RAMóN', 0, 4),
(2685, 'HUECHURABA', 'SAN MIGUEL', 0, 4),
(2684, 'HUECHURABA', 'SAN JOAQUIN', 0, 4),
(2683, 'HUECHURABA', 'RENCA', 0, 4),
(2682, 'HUECHURABA', 'RECOLETA', 0, 4),
(2681, 'HUECHURABA', 'QUINA NORMAL', 0, 4),
(2680, 'HUECHURABA', 'PUENTE ALTO', 0, 4),
(2679, 'HUECHURABA', 'PROVIDENCIA', 0, 4),
(2678, 'HUECHURABA', 'PEñALOLEN', 0, 4),
(2677, 'HUECHURABA', 'PEDRO AGUIRRE CERDA', 0, 4),
(2676, 'HUECHURABA', 'MACUL', 0, 4),
(2675, 'HUECHURABA', 'LO PRADO', 0, 4),
(2674, 'HUECHURABA', 'LO ESPEJO', 0, 4),
(2673, 'HUECHURABA', 'LAS CONDES ', 0, 4),
(2672, 'HUECHURABA', 'LA REINA', 0, 4),
(2671, 'HUECHURABA', 'LA PINTANA', 0, 4),
(2670, 'HUECHURABA', 'LA GRANJA', 0, 4),
(2669, 'HUECHURABA', 'LA FLORIDA', 0, 4),
(2668, 'HUECHURABA', 'LA CISTERNA', 0, 4),
(2667, 'HUECHURABA', 'INDEPENDENCIA', 0, 4),
(2666, 'HUECHURABA', 'HUECHURABA', 0, 4),
(2665, 'HUECHURABA', 'ESTACIóN CENTRAL', 0, 4),
(2664, 'HUECHURABA', 'CONCHALí', 0, 4),
(2663, 'HUECHURABA', 'CERRO NAVIA', 0, 4),
(2662, 'HUECHURABA', 'CERRILOS ', 0, 4),
(2661, 'HUECHURABA', 'ÑUñOA', 0, 4),
(2660, 'ESTACIóN CENTRAL', 'SAN BERNARDO', 0, 4),
(2659, 'ESTACIóN CENTRAL', 'COLINA', 0, 4),
(2658, 'ESTACIóN CENTRAL', 'QUILICURA', 0, 4),
(2657, 'ESTACIóN CENTRAL', 'PUDAHUEL', 0, 4),
(2656, 'ESTACIóN CENTRAL', 'MAIPU', 0, 4),
(2655, 'ESTACIóN CENTRAL', 'LO BARNECHEA', 0, 4),
(2654, 'ESTACIóN CENTRAL', 'EL BOSQUE', 0, 4),
(2653, 'ESTACIóN CENTRAL', 'VITACURA', 0, 4),
(2652, 'ESTACIóN CENTRAL', 'SANTIAGO', 0, 4),
(2651, 'ESTACIóN CENTRAL', 'SAN RAMóN', 0, 4),
(2650, 'ESTACIóN CENTRAL', 'SAN MIGUEL', 0, 4),
(2649, 'ESTACIóN CENTRAL', 'SAN JOAQUIN', 0, 4),
(2648, 'ESTACIóN CENTRAL', 'RENCA', 0, 4),
(2647, 'ESTACIóN CENTRAL', 'RECOLETA', 0, 4),
(2646, 'ESTACIóN CENTRAL', 'QUINA NORMAL', 0, 4),
(2645, 'ESTACIóN CENTRAL', 'PUENTE ALTO', 0, 4),
(2644, 'ESTACIóN CENTRAL', 'PROVIDENCIA', 0, 4),
(2643, 'ESTACIóN CENTRAL', 'PEñALOLEN', 0, 4),
(2642, 'ESTACIóN CENTRAL', 'PEDRO AGUIRRE CERDA', 0, 4),
(2641, 'ESTACIóN CENTRAL', 'MACUL', 0, 4),
(2640, 'ESTACIóN CENTRAL', 'LO PRADO', 0, 4),
(2639, 'ESTACIóN CENTRAL', 'LO ESPEJO', 0, 4),
(2638, 'ESTACIóN CENTRAL', 'LAS CONDES ', 0, 4),
(2637, 'ESTACIóN CENTRAL', 'LA REINA', 0, 4),
(2636, 'ESTACIóN CENTRAL', 'LA PINTANA', 0, 4),
(2635, 'ESTACIóN CENTRAL', 'LA GRANJA', 0, 4),
(2634, 'ESTACIóN CENTRAL', 'LA FLORIDA', 0, 4),
(2633, 'ESTACIóN CENTRAL', 'LA CISTERNA', 0, 4),
(2632, 'ESTACIóN CENTRAL', 'INDEPENDENCIA', 0, 4),
(2631, 'ESTACIóN CENTRAL', 'HUECHURABA', 0, 4),
(2630, 'ESTACIóN CENTRAL', 'ESTACIóN CENTRAL', 0, 4),
(2629, 'ESTACIóN CENTRAL', 'CONCHALí', 0, 4),
(2628, 'ESTACIóN CENTRAL', 'CERRO NAVIA', 0, 4),
(2627, 'ESTACIóN CENTRAL', 'CERRILOS ', 0, 4),
(2626, 'ESTACIóN CENTRAL', 'ÑUñOA', 0, 4),
(2625, 'CONCHALí', 'SAN BERNARDO', 0, 4),
(2624, 'CONCHALí', 'COLINA', 0, 4),
(2623, 'CONCHALí', 'QUILICURA', 0, 4),
(2622, 'CONCHALí', 'PUDAHUEL', 0, 4),
(2621, 'CONCHALí', 'MAIPU', 0, 4),
(2620, 'CONCHALí', 'LO BARNECHEA', 0, 4),
(2619, 'CONCHALí', 'EL BOSQUE', 0, 4),
(2618, 'CONCHALí', 'VITACURA', 0, 4),
(2617, 'CONCHALí', 'SANTIAGO', 0, 4),
(2616, 'CONCHALí', 'SAN RAMóN', 0, 4),
(2615, 'CONCHALí', 'SAN MIGUEL', 0, 4),
(2614, 'CONCHALí', 'SAN JOAQUIN', 0, 4),
(2613, 'CONCHALí', 'RENCA', 0, 4),
(2612, 'CONCHALí', 'RECOLETA', 0, 4),
(2611, 'CONCHALí', 'QUINA NORMAL', 0, 4),
(2610, 'CONCHALí', 'PUENTE ALTO', 0, 4),
(2609, 'CONCHALí', 'PROVIDENCIA', 0, 4),
(2608, 'CONCHALí', 'PEñALOLEN', 0, 4),
(2607, 'CONCHALí', 'PEDRO AGUIRRE CERDA', 0, 4),
(2606, 'CONCHALí', 'MACUL', 0, 4),
(2605, 'CONCHALí', 'LO PRADO', 0, 4),
(2604, 'CONCHALí', 'LO ESPEJO', 0, 4),
(2603, 'CONCHALí', 'LAS CONDES ', 0, 4),
(2602, 'CONCHALí', 'LA REINA', 0, 4),
(2601, 'CONCHALí', 'LA PINTANA', 0, 4),
(2600, 'CONCHALí', 'LA GRANJA', 0, 4),
(2599, 'CONCHALí', 'LA FLORIDA', 0, 4),
(2598, 'CONCHALí', 'LA CISTERNA', 0, 4),
(2597, 'CONCHALí', 'INDEPENDENCIA', 0, 4),
(2596, 'CONCHALí', 'HUECHURABA', 0, 4),
(2595, 'CONCHALí', 'ESTACIóN CENTRAL', 0, 4),
(2594, 'CONCHALí', 'CONCHALí', 0, 4),
(2593, 'CONCHALí', 'CERRO NAVIA', 0, 4),
(2592, 'CONCHALí', 'CERRILOS ', 0, 4),
(2591, 'CONCHALí', 'ÑUñOA', 0, 4),
(2590, 'CERRO NAVIA', 'SAN BERNARDO', 0, 4),
(2589, 'CERRO NAVIA', 'COLINA', 0, 4),
(2588, 'CERRO NAVIA', 'QUILICURA', 0, 4),
(2587, 'CERRO NAVIA', 'PUDAHUEL', 0, 4),
(2586, 'CERRO NAVIA', 'MAIPU', 0, 4),
(2585, 'CERRO NAVIA', 'LO BARNECHEA', 0, 4),
(2584, 'CERRO NAVIA', 'EL BOSQUE', 0, 4),
(2583, 'CERRO NAVIA', 'VITACURA', 0, 4),
(2582, 'CERRO NAVIA', 'SANTIAGO', 0, 4),
(2581, 'CERRO NAVIA', 'SAN RAMóN', 0, 4),
(2580, 'CERRO NAVIA', 'SAN MIGUEL', 0, 4),
(2579, 'CERRO NAVIA', 'SAN JOAQUIN', 0, 4),
(2578, 'CERRO NAVIA', 'RENCA', 0, 4),
(2577, 'CERRO NAVIA', 'RECOLETA', 0, 4),
(2576, 'CERRO NAVIA', 'QUINA NORMAL', 0, 4),
(2575, 'CERRO NAVIA', 'PUENTE ALTO', 0, 4),
(2574, 'CERRO NAVIA', 'PROVIDENCIA', 0, 4),
(2573, 'CERRO NAVIA', 'PEñALOLEN', 0, 4),
(2572, 'CERRO NAVIA', 'PEDRO AGUIRRE CERDA', 0, 4),
(2571, 'CERRO NAVIA', 'MACUL', 0, 4),
(2570, 'CERRO NAVIA', 'LO PRADO', 0, 4),
(2569, 'CERRO NAVIA', 'LO ESPEJO', 0, 4),
(2568, 'CERRO NAVIA', 'LAS CONDES ', 0, 4),
(2567, 'CERRO NAVIA', 'LA REINA', 0, 4),
(2566, 'CERRO NAVIA', 'LA PINTANA', 0, 4),
(2565, 'CERRO NAVIA', 'LA GRANJA', 0, 4),
(2564, 'CERRO NAVIA', 'LA FLORIDA', 0, 4),
(2563, 'CERRO NAVIA', 'LA CISTERNA', 0, 4),
(2562, 'CERRO NAVIA', 'INDEPENDENCIA', 0, 4),
(2561, 'CERRO NAVIA', 'HUECHURABA', 0, 4),
(2560, 'CERRO NAVIA', 'ESTACIóN CENTRAL', 0, 4),
(2559, 'CERRO NAVIA', 'CONCHALí', 0, 4),
(2558, 'CERRO NAVIA', 'CERRO NAVIA', 0, 4),
(2557, 'CERRO NAVIA', 'CERRILOS ', 0, 4),
(2556, 'CERRO NAVIA', 'ÑUñOA', 0, 4),
(2555, 'CERRILOS ', 'SAN BERNARDO', 0, 4),
(2554, 'CERRILOS ', 'COLINA', 0, 4),
(2553, 'CERRILOS ', 'QUILICURA', 0, 4),
(2552, 'CERRILOS ', 'PUDAHUEL', 0, 4),
(2551, 'CERRILOS ', 'MAIPU', 0, 4),
(2550, 'CERRILOS ', 'LO BARNECHEA', 0, 4),
(2549, 'CERRILOS ', 'EL BOSQUE', 0, 4),
(2548, 'CERRILOS ', 'VITACURA', 0, 4),
(2547, 'CERRILOS ', 'SANTIAGO', 0, 4),
(2546, 'CERRILOS ', 'SAN RAMóN', 0, 4),
(2545, 'CERRILOS ', 'SAN MIGUEL', 0, 4),
(2544, 'CERRILOS ', 'SAN JOAQUIN', 0, 4),
(2543, 'CERRILOS ', 'RENCA', 0, 4),
(2542, 'CERRILOS ', 'RECOLETA', 0, 4),
(2541, 'CERRILOS ', 'QUINA NORMAL', 0, 4),
(2540, 'CERRILOS ', 'PUENTE ALTO', 0, 4),
(2539, 'CERRILOS ', 'PROVIDENCIA', 0, 4),
(2538, 'CERRILOS ', 'PEñALOLEN', 0, 4),
(2537, 'CERRILOS ', 'PEDRO AGUIRRE CERDA', 0, 4),
(2536, 'CERRILOS ', 'MACUL', 0, 4),
(2535, 'CERRILOS ', 'LO PRADO', 0, 4),
(2534, 'CERRILOS ', 'LO ESPEJO', 0, 4),
(2533, 'CERRILOS ', 'LAS CONDES ', 0, 4),
(2532, 'CERRILOS ', 'LA REINA', 0, 4),
(2531, 'CERRILOS ', 'LA PINTANA', 0, 4),
(2530, 'CERRILOS ', 'LA GRANJA', 0, 4),
(2529, 'CERRILOS ', 'LA FLORIDA', 0, 4),
(2528, 'CERRILOS ', 'LA CISTERNA', 0, 4),
(2527, 'CERRILOS ', 'INDEPENDENCIA', 0, 4),
(2526, 'CERRILOS ', 'HUECHURABA', 0, 4),
(2525, 'CERRILOS ', 'ESTACIóN CENTRAL', 0, 4),
(2524, 'CERRILOS ', 'CONCHALí', 0, 4),
(2523, 'CERRILOS ', 'CERRO NAVIA', 0, 4),
(2522, 'CERRILOS ', 'CERRILOS ', 0, 4),
(2521, 'CERRILOS ', 'ÑUñOA', 0, 4),
(2520, 'ÑUñOA', 'SAN BERNARDO', 4600, 4),
(2519, 'ÑUñOA', 'COLINA', 4600, 4),
(2518, 'ÑUñOA', 'QUILICURA', 4100, 4),
(2517, 'ÑUñOA', 'PUDAHUEL', 4100, 4),
(2516, 'ÑUñOA', 'MAIPU', 4100, 4),
(2515, 'ÑUñOA', 'LO BARNECHEA', 4100, 4),
(2514, 'ÑUñOA', 'EL BOSQUE', 4100, 4),
(2513, 'ÑUñOA', 'VITACURA', 3600, 4),
(2512, 'ÑUñOA', 'SANTIAGO', 3600, 4),
(2511, 'ÑUñOA', 'SAN RAMóN', 3600, 4),
(2510, 'ÑUñOA', 'SAN MIGUEL', 3600, 4),
(2509, 'ÑUñOA', 'SAN JOAQUIN', 3600, 4),
(2508, 'ÑUñOA', 'RENCA', 3600, 4),
(2507, 'ÑUñOA', 'RECOLETA', 3600, 4),
(2506, 'ÑUñOA', 'QUINA NORMAL', 3600, 4),
(2505, 'ÑUñOA', 'PUENTE ALTO', 3600, 4),
(2504, 'ÑUñOA', 'PROVIDENCIA', 3600, 4),
(2503, 'ÑUñOA', 'PEñALOLEN', 3600, 4),
(2502, 'ÑUñOA', 'PEDRO AGUIRRE CERDA', 3600, 4),
(2501, 'ÑUñOA', 'MACUL', 3600, 4),
(2500, 'ÑUñOA', 'LO PRADO', 3600, 4),
(2499, 'ÑUñOA', 'LO ESPEJO', 3600, 4),
(2498, 'ÑUñOA', 'LAS CONDES ', 3600, 4),
(2497, 'ÑUñOA', 'LA REINA', 3600, 4),
(2496, 'ÑUñOA', 'LA PINTANA', 3600, 4),
(2495, 'ÑUñOA', 'LA GRANJA', 3600, 4),
(2494, 'ÑUñOA', 'LA FLORIDA', 3600, 4),
(2493, 'ÑUñOA', 'LA CISTERNA', 3600, 4),
(2492, 'ÑUñOA', 'INDEPENDENCIA', 3600, 4),
(2491, 'ÑUñOA', 'HUECHURABA', 3600, 4),
(2490, 'ÑUñOA', 'ESTACIóN CENTRAL', 3600, 4),
(2489, 'ÑUñOA', 'CONCHALí', 3600, 4),
(2488, 'ÑUñOA', 'CERRO NAVIA', 3600, 4),
(2487, 'ÑUñOA', 'CERRILOS ', 3600, 4),
(2486, 'ÑUñOA', 'ÑUñOA', 3100, 4),
(3536, 'MAIPU', 'ÑUñOA', 0, 4),
(3537, 'MAIPU', 'CERRILOS ', 0, 4),
(3538, 'MAIPU', 'CERRO NAVIA', 0, 4),
(3539, 'MAIPU', 'CONCHALí', 0, 4),
(3540, 'MAIPU', 'ESTACIóN CENTRAL', 0, 4),
(3541, 'MAIPU', 'HUECHURABA', 0, 4),
(3542, 'MAIPU', 'INDEPENDENCIA', 0, 4),
(3543, 'MAIPU', 'LA CISTERNA', 0, 4),
(3544, 'MAIPU', 'LA FLORIDA', 0, 4),
(3545, 'MAIPU', 'LA GRANJA', 0, 4),
(3546, 'MAIPU', 'LA PINTANA', 0, 4),
(3547, 'MAIPU', 'LA REINA', 0, 4),
(3548, 'MAIPU', 'LAS CONDES ', 0, 4),
(3549, 'MAIPU', 'LO ESPEJO', 0, 4),
(3550, 'MAIPU', 'LO PRADO', 0, 4),
(3551, 'MAIPU', 'MACUL', 0, 4),
(3552, 'MAIPU', 'PEDRO AGUIRRE CERDA', 0, 4),
(3553, 'MAIPU', 'PEñALOLEN', 0, 4),
(3554, 'MAIPU', 'PROVIDENCIA', 0, 4),
(3555, 'MAIPU', 'PUENTE ALTO', 0, 4),
(3556, 'MAIPU', 'QUINA NORMAL', 0, 4),
(3557, 'MAIPU', 'RECOLETA', 0, 4),
(3558, 'MAIPU', 'RENCA', 0, 4),
(3559, 'MAIPU', 'SAN JOAQUIN', 0, 4),
(3560, 'MAIPU', 'SAN MIGUEL', 0, 4),
(3561, 'MAIPU', 'SAN RAMóN', 0, 4),
(3562, 'MAIPU', 'SANTIAGO', 0, 4),
(3563, 'MAIPU', 'VITACURA', 0, 4),
(3564, 'MAIPU', 'EL BOSQUE', 0, 4),
(3565, 'MAIPU', 'LO BARNECHEA', 0, 4),
(3566, 'MAIPU', 'MAIPU', 0, 4),
(3567, 'MAIPU', 'PUDAHUEL', 0, 4),
(3568, 'MAIPU', 'QUILICURA', 0, 4),
(3569, 'MAIPU', 'COLINA', 0, 4),
(3570, 'MAIPU', 'SAN BERNARDO', 0, 4),
(3571, 'PUDAHUEL', 'ÑUñOA', 0, 4),
(3572, 'PUDAHUEL', 'CERRILOS ', 0, 4),
(3573, 'PUDAHUEL', 'CERRO NAVIA', 0, 4),
(3574, 'PUDAHUEL', 'CONCHALí', 0, 4),
(3575, 'PUDAHUEL', 'ESTACIóN CENTRAL', 0, 4),
(3576, 'PUDAHUEL', 'HUECHURABA', 0, 4),
(3577, 'PUDAHUEL', 'INDEPENDENCIA', 0, 4),
(3578, 'PUDAHUEL', 'LA CISTERNA', 0, 4),
(3579, 'PUDAHUEL', 'LA FLORIDA', 0, 4),
(3580, 'PUDAHUEL', 'LA GRANJA', 0, 4),
(3581, 'PUDAHUEL', 'LA PINTANA', 0, 4),
(3582, 'PUDAHUEL', 'LA REINA', 0, 4),
(3583, 'PUDAHUEL', 'LAS CONDES ', 0, 4),
(3584, 'PUDAHUEL', 'LO ESPEJO', 0, 4),
(3585, 'PUDAHUEL', 'LO PRADO', 0, 4),
(3586, 'PUDAHUEL', 'MACUL', 0, 4),
(3587, 'PUDAHUEL', 'PEDRO AGUIRRE CERDA', 0, 4),
(3588, 'PUDAHUEL', 'PEñALOLEN', 0, 4),
(3589, 'PUDAHUEL', 'PROVIDENCIA', 0, 4),
(3590, 'PUDAHUEL', 'PUENTE ALTO', 0, 4),
(3591, 'PUDAHUEL', 'QUINA NORMAL', 0, 4),
(3592, 'PUDAHUEL', 'RECOLETA', 0, 4),
(3593, 'PUDAHUEL', 'RENCA', 0, 4),
(3594, 'PUDAHUEL', 'SAN JOAQUIN', 0, 4),
(3595, 'PUDAHUEL', 'SAN MIGUEL', 0, 4),
(3596, 'PUDAHUEL', 'SAN RAMóN', 0, 4),
(3597, 'PUDAHUEL', 'SANTIAGO', 0, 4),
(3598, 'PUDAHUEL', 'VITACURA', 0, 4),
(3599, 'PUDAHUEL', 'EL BOSQUE', 0, 4),
(3600, 'PUDAHUEL', 'LO BARNECHEA', 0, 4),
(3601, 'PUDAHUEL', 'MAIPU', 0, 4),
(3602, 'PUDAHUEL', 'PUDAHUEL', 0, 4),
(3603, 'PUDAHUEL', 'QUILICURA', 0, 4),
(3604, 'PUDAHUEL', 'COLINA', 0, 4),
(3605, 'PUDAHUEL', 'SAN BERNARDO', 0, 4),
(3606, 'QUILICURA', 'ÑUñOA', 0, 4),
(3607, 'QUILICURA', 'CERRILOS ', 0, 4),
(3608, 'QUILICURA', 'CERRO NAVIA', 0, 4),
(3609, 'QUILICURA', 'CONCHALí', 0, 4),
(3610, 'QUILICURA', 'ESTACIóN CENTRAL', 0, 4),
(3611, 'QUILICURA', 'HUECHURABA', 0, 4),
(3612, 'QUILICURA', 'INDEPENDENCIA', 0, 4),
(3613, 'QUILICURA', 'LA CISTERNA', 0, 4),
(3614, 'QUILICURA', 'LA FLORIDA', 0, 4),
(3615, 'QUILICURA', 'LA GRANJA', 0, 4),
(3616, 'QUILICURA', 'LA PINTANA', 0, 4),
(3617, 'QUILICURA', 'LA REINA', 0, 4),
(3618, 'QUILICURA', 'LAS CONDES ', 0, 4),
(3619, 'QUILICURA', 'LO ESPEJO', 0, 4),
(3620, 'QUILICURA', 'LO PRADO', 0, 4),
(3621, 'QUILICURA', 'MACUL', 0, 4),
(3622, 'QUILICURA', 'PEDRO AGUIRRE CERDA', 0, 4),
(3623, 'QUILICURA', 'PEñALOLEN', 0, 4),
(3624, 'QUILICURA', 'PROVIDENCIA', 0, 4),
(3625, 'QUILICURA', 'PUENTE ALTO', 0, 4),
(3626, 'QUILICURA', 'QUINA NORMAL', 0, 4),
(3627, 'QUILICURA', 'RECOLETA', 0, 4),
(3628, 'QUILICURA', 'RENCA', 0, 4),
(3629, 'QUILICURA', 'SAN JOAQUIN', 0, 4),
(3630, 'QUILICURA', 'SAN MIGUEL', 0, 4),
(3631, 'QUILICURA', 'SAN RAMóN', 0, 4),
(3632, 'QUILICURA', 'SANTIAGO', 0, 4),
(3633, 'QUILICURA', 'VITACURA', 0, 4),
(3634, 'QUILICURA', 'EL BOSQUE', 0, 4),
(3635, 'QUILICURA', 'LO BARNECHEA', 0, 4),
(3636, 'QUILICURA', 'MAIPU', 0, 4),
(3637, 'QUILICURA', 'PUDAHUEL', 0, 4),
(3638, 'QUILICURA', 'QUILICURA', 0, 4),
(3639, 'QUILICURA', 'COLINA', 0, 4),
(3640, 'QUILICURA', 'SAN BERNARDO', 0, 4),
(3641, 'COLINA', 'ÑUñOA', 0, 4),
(3642, 'COLINA', 'CERRILOS ', 0, 4),
(3643, 'COLINA', 'CERRO NAVIA', 0, 4),
(3644, 'COLINA', 'CONCHALí', 0, 4),
(3645, 'COLINA', 'ESTACIóN CENTRAL', 0, 4),
(3646, 'COLINA', 'HUECHURABA', 0, 4),
(3647, 'COLINA', 'INDEPENDENCIA', 0, 4),
(3648, 'COLINA', 'LA CISTERNA', 0, 4),
(3649, 'COLINA', 'LA FLORIDA', 0, 4),
(3650, 'COLINA', 'LA GRANJA', 0, 4),
(3651, 'COLINA', 'LA PINTANA', 0, 4),
(3652, 'COLINA', 'LA REINA', 0, 4),
(3653, 'COLINA', 'LAS CONDES ', 0, 4),
(3654, 'COLINA', 'LO ESPEJO', 0, 4),
(3655, 'COLINA', 'LO PRADO', 0, 4),
(3656, 'COLINA', 'MACUL', 0, 4),
(3657, 'COLINA', 'PEDRO AGUIRRE CERDA', 0, 4),
(3658, 'COLINA', 'PEñALOLEN', 0, 4),
(3659, 'COLINA', 'PROVIDENCIA', 0, 4),
(3660, 'COLINA', 'PUENTE ALTO', 0, 4),
(3661, 'COLINA', 'QUINA NORMAL', 0, 4),
(3662, 'COLINA', 'RECOLETA', 0, 4),
(3663, 'COLINA', 'RENCA', 0, 4),
(3664, 'COLINA', 'SAN JOAQUIN', 0, 4),
(3665, 'COLINA', 'SAN MIGUEL', 0, 4),
(3666, 'COLINA', 'SAN RAMóN', 0, 4),
(3667, 'COLINA', 'SANTIAGO', 0, 4),
(3668, 'COLINA', 'VITACURA', 0, 4),
(3669, 'COLINA', 'EL BOSQUE', 0, 4),
(3670, 'COLINA', 'LO BARNECHEA', 0, 4),
(3671, 'COLINA', 'MAIPU', 0, 4),
(3672, 'COLINA', 'PUDAHUEL', 0, 4),
(3673, 'COLINA', 'QUILICURA', 0, 4),
(3674, 'COLINA', 'COLINA', 0, 4),
(3675, 'COLINA', 'SAN BERNARDO', 0, 4),
(3676, 'SAN BERNARDO', 'ÑUñOA', 0, 4),
(3677, 'SAN BERNARDO', 'CERRILOS ', 0, 4),
(3678, 'SAN BERNARDO', 'CERRO NAVIA', 0, 4),
(3679, 'SAN BERNARDO', 'CONCHALí', 0, 4),
(3680, 'SAN BERNARDO', 'ESTACIóN CENTRAL', 0, 4),
(3681, 'SAN BERNARDO', 'HUECHURABA', 0, 4),
(3682, 'SAN BERNARDO', 'INDEPENDENCIA', 0, 4),
(3683, 'SAN BERNARDO', 'LA CISTERNA', 0, 4),
(3684, 'SAN BERNARDO', 'LA FLORIDA', 0, 4),
(3685, 'SAN BERNARDO', 'LA GRANJA', 0, 4),
(3686, 'SAN BERNARDO', 'LA PINTANA', 0, 4),
(3687, 'SAN BERNARDO', 'LA REINA', 0, 4),
(3688, 'SAN BERNARDO', 'LAS CONDES ', 0, 4),
(3689, 'SAN BERNARDO', 'LO ESPEJO', 0, 4),
(3690, 'SAN BERNARDO', 'LO PRADO', 0, 4),
(3691, 'SAN BERNARDO', 'MACUL', 0, 4),
(3692, 'SAN BERNARDO', 'PEDRO AGUIRRE CERDA', 0, 4),
(3693, 'SAN BERNARDO', 'PEñALOLEN', 0, 4),
(3694, 'SAN BERNARDO', 'PROVIDENCIA', 0, 4),
(3695, 'SAN BERNARDO', 'PUENTE ALTO', 0, 4),
(3696, 'SAN BERNARDO', 'QUINA NORMAL', 0, 4),
(3697, 'SAN BERNARDO', 'RECOLETA', 0, 4),
(3698, 'SAN BERNARDO', 'RENCA', 0, 4),
(3699, 'SAN BERNARDO', 'SAN JOAQUIN', 0, 4),
(3700, 'SAN BERNARDO', 'SAN MIGUEL', 0, 4),
(3701, 'SAN BERNARDO', 'SAN RAMóN', 0, 4),
(3702, 'SAN BERNARDO', 'SANTIAGO', 0, 4),
(3703, 'SAN BERNARDO', 'VITACURA', 0, 4),
(3704, 'SAN BERNARDO', 'EL BOSQUE', 0, 4),
(3705, 'SAN BERNARDO', 'LO BARNECHEA', 0, 4),
(3706, 'SAN BERNARDO', 'MAIPU', 0, 4),
(3707, 'SAN BERNARDO', 'PUDAHUEL', 0, 4),
(3708, 'SAN BERNARDO', 'QUILICURA', 0, 4),
(3709, 'SAN BERNARDO', 'COLINA', 0, 4),
(3710, 'SAN BERNARDO', 'SAN BERNARDO', 0, 4);

-- --------------------------------------------------------

--
-- Estructura de tabla para la tabla `rates_size`
--

CREATE TABLE `rates_size` (
  `id` int(11) NOT NULL,
  `size` varchar(15) COLLATE utf8mb4_unicode_ci DEFAULT NULL,
  `value` double DEFAULT NULL,
  `companies_id` int(11) DEFAULT NULL
) ENGINE=MyISAM DEFAULT CHARSET=utf8mb4 COLLATE=utf8mb4_unicode_ci;

--
-- Volcado de datos para la tabla `rates_size`
--

INSERT INTO `rates_size` (`id`, `size`, `value`, `companies_id`) VALUES
(1, 'XL', 10000, 3),
(2, 'S', 4400, 3);

-- --------------------------------------------------------

--
-- Estructura de tabla para la tabla `roles`
--

CREATE TABLE `roles` (
  `id` int(11) NOT NULL,
  `rol` varchar(150) COLLATE utf8mb4_unicode_ci DEFAULT NULL
) ENGINE=MyISAM DEFAULT CHARSET=utf8mb4 COLLATE=utf8mb4_unicode_ci;

--
-- Volcado de datos para la tabla `roles`
--

INSERT INTO `roles` (`id`, `rol`) VALUES
(1, 'ADMINISTRADOR'),
(2, 'CLIENTE'),
(3, 'REPARTIDOR');

-- --------------------------------------------------------

--
-- Estructura de tabla para la tabla `shipping`
--

CREATE TABLE `shipping` (
  `id` int(11) NOT NULL,
  `order_nro` varchar(20) COLLATE utf8mb4_unicode_ci DEFAULT NULL,
  `quadmins_code` varchar(11) COLLATE utf8mb4_unicode_ci DEFAULT NULL,
  `shipping_type` varchar(5) COLLATE utf8mb4_unicode_ci DEFAULT NULL COMMENT 'tamaño (M,L,XL)',
  `total_amount` double DEFAULT NULL COMMENT 'se calcula en base al tipo de precio de la empresa (type_rate = [1 => origen/destino, 2 => tamaños M,L,XL])',
  `delivery_name` varchar(150) COLLATE utf8mb4_unicode_ci DEFAULT NULL COMMENT 'nombre del repartidor',
  `shipping_date` date DEFAULT NULL COMMENT 'en blanco originamente, responde a la fecha de entrega del cliente final',
  `shipping_states_id` int(11) DEFAULT NULL,
  `companies_id` int(11) DEFAULT NULL,
  `address` varchar(150) COLLATE utf8mb4_unicode_ci DEFAULT NULL COMMENT 'direccion cliente final al que se le entrega el paquete',
  `receiver_name` varchar(150) COLLATE utf8mb4_unicode_ci DEFAULT NULL COMMENT 'nombre cliente final al que se le entrega el paquete',
  `receiver_phone` varchar(150) COLLATE utf8mb4_unicode_ci DEFAULT NULL COMMENT 'telefono cliente final al que se le entrega el paquete',
  `receiver_mail` varchar(150) COLLATE utf8mb4_unicode_ci DEFAULT NULL COMMENT 'email cliente final al que se le entrega el paquete',
  `observation` varchar(255) COLLATE utf8mb4_unicode_ci DEFAULT NULL,
  `users_id` int(11) DEFAULT NULL,
  `created` datetime DEFAULT NULL,
  `modified` datetime DEFAULT NULL,
  `origin` varchar(155) COLLATE utf8mb4_unicode_ci DEFAULT NULL COMMENT 'comuna de la empres que emite la OT',
  `destination` varchar(155) COLLATE utf8mb4_unicode_ci DEFAULT NULL COMMENT 'comuna del cliente que recibe el paquete',
  `packages` int(11) NOT NULL,
  `operation` varchar(50) COLLATE utf8mb4_unicode_ci NOT NULL,
  `shipping_delivery_date` datetime DEFAULT NULL,
  `poiId` int(11) NOT NULL
) ENGINE=MyISAM DEFAULT CHARSET=utf8mb4 COLLATE=utf8mb4_unicode_ci;

--
-- Volcado de datos para la tabla `shipping`
--

INSERT INTO `shipping` (`id`, `order_nro`, `quadmins_code`, `shipping_type`, `total_amount`, `delivery_name`, `shipping_date`, `shipping_states_id`, `companies_id`, `address`, `receiver_name`, `receiver_phone`, `receiver_mail`, `observation`, `users_id`, `created`, `modified`, `origin`, `destination`, `packages`, `operation`, `shipping_delivery_date`, `poiId`) VALUES
(1, 'SWT-199', '259649081', 'N/A', 3000, 'flypack 1', '2022-08-25', 1, 2, 'Avenida Echeñique 4855', 'Dafne Valenzuela', '969180928', 'daphnerey@gmail.com', '', 2, '2022-08-24 19:57:55', '2022-08-24 19:57:56', 'LAS CONDES', 'NUÑOA', 1, 'PEDIDO', '2022-08-25 10:38:15', 121941466),
(2, 'BPL-2248', '259659837', 'N/A', 0, 'flypack 1', '2022-08-27', 1, 3, 'Francisco de lugo 1169', 'Alan Mauna Andrade', '941802683', 'alanmauna@gmail.com', 'Bpl', 4, '2022-08-26 17:13:51', '2022-08-26 17:13:51', 'LA FLORIDA', 'PUENTE ALTO', 1, 'PEDIDO', '2022-08-26 18:05:18', 121945078),
(3, 'BPL-2252', '259779732', 'S', 4400, 'N/A', '2022-09-20', 1, 3, 'Hernan Mery 3950, recoleta', 'Andrés Sepúlveda Castillo', '952425114', 'andressperro@gmail.com', '', 4, '2022-09-19 21:07:08', '2022-09-19 21:07:09', '0', '0', 1, 'PEDIDO', '0000-00-00 00:00:00', 121987855),
(4, 'BPL-2256', '259798505', 'S', 4400, 'flypack 1', '2022-09-23', 1, 3, 'torres del paine 2368, maipu', 'Daniel Fernandez', '957436824', 'daniel.fernandezu@mail.udp.cl', '', 4, '2022-09-22 15:57:47', '2022-09-22 15:57:47', '0', '0', 1, 'PEDIDO', '2022-09-23 09:27:11', 121995428),
(5, 'BPL-2258', '259809183', 'XL', 10000, 'flypack 1', '2022-09-27', 1, 3, 'Armando Lira 3692', 'Kevin Santos', '949606031', 'kevin_nsb@hotmail.com', 'Silla', 4, '2022-09-26 00:05:32', '2022-09-26 00:05:32', 'LA FLORIDA', 'PEDRO AGUIRRE CERDA', 1, 'PEDIDO', '2022-09-26 10:27:22', 121998933),
(6, 'BPL-2261', '259823025', 'XL', 10000, 'flypack 1', '2022-09-28', 1, 3, 'Armando Lira 3698', 'Catalina Orellana Astudillo', '984443567', 'catalinaorellanastu@gmail.com', 'Casa esquina', 4, '2022-09-27 18:19:28', '2022-09-27 18:19:28', 'LA FLORIDA', 'PEDRO AGUIRRE CERDA', 1, 'PEDIDO', '2022-09-27 18:35:19', 122003690),
(7, 'BPL-2262', '259823027', 'XL', 10000, 'flypack 1', '2022-09-28', 1, 3, 'Coventry 1573', 'Gabriel Soto Ubilla', '932945188', 'gaboubilla123@gmai.com', 'Depto 21', 4, '2022-09-27 18:21:31', '2022-09-27 18:21:31', 'LA FLORIDA', 'NUÑOA', 1, 'PEDIDO', '2022-09-27 18:35:19', 122003691);

-- --------------------------------------------------------

--
-- Estructura de tabla para la tabla `shipping_delivery`
--

CREATE TABLE `shipping_delivery` (
  `id` int(11) NOT NULL,
  `shipping_id` int(11) NOT NULL,
  `users_id` int(11) NOT NULL,
  `assigned_date` datetime NOT NULL
) ENGINE=InnoDB DEFAULT CHARSET=utf8mb4 COLLATE=utf8mb4_unicode_ci;

-- --------------------------------------------------------

--
-- Estructura de tabla para la tabla `shipping_states`
--

CREATE TABLE `shipping_states` (
  `id` int(11) NOT NULL,
  `state` varchar(150) COLLATE utf8mb4_unicode_ci DEFAULT NULL
) ENGINE=InnoDB DEFAULT CHARSET=utf8mb4 COLLATE=utf8mb4_unicode_ci;

--
-- Volcado de datos para la tabla `shipping_states`
--

INSERT INTO `shipping_states` (`id`, `state`) VALUES
(1, 'ACTIVO'),
(2, 'ELIMINADO');

-- --------------------------------------------------------

--
-- Estructura de tabla para la tabla `users`
--

CREATE TABLE `users` (
  `id` int(11) NOT NULL,
  `user` varchar(150) NOT NULL,
  `password` varchar(255) NOT NULL,
  `rol_id` int(11) NOT NULL,
  `user_state_id` int(11) NOT NULL,
  `name` varchar(255) NOT NULL,
  `lastname` varchar(255) NOT NULL,
  `email` varchar(150) NOT NULL,
  `phone` varchar(15) NOT NULL,
  `companies_id` int(11) NOT NULL,
  `created` datetime NOT NULL,
  `modified` datetime NOT NULL
) ENGINE=InnoDB DEFAULT CHARSET=latin1;

--
-- Volcado de datos para la tabla `users`
--

INSERT INTO `users` (`id`, `user`, `password`, `rol_id`, `user_state_id`, `name`, `lastname`, `email`, `phone`, `companies_id`, `created`, `modified`) VALUES
(1, 'admin', '827ccb0eea8a706c4c34a16891f84e7b', 1, 1, 'ADMIN', 'ADMIN', 'afariasmira@gmail.com', '+569 123456712', 1, '2022-01-01 19:42:52', '2022-08-11 15:17:35'),
(2, 'jmartinez_swt', '38b903953208bff1694fb6f678624144', 2, 1, 'Javiera', 'Martinez', 'javijesus.martinez.n@gmail.com', '+56 9 9802 0996', 2, '2022-08-09 00:10:01', '2022-08-09 00:10:01'),
(3, 'flypack1', '654888d05b1617be01bfdf600d5ca2db', 3, 1, 'flypack', '1', 'afariasmira@gmail.com', '+569 12345678', 1, '2022-08-11 15:16:49', '2022-08-11 15:17:01'),
(4, 'BPlayer', '7aa31a570f3d61ea96bcd7f06bb8a7d2', 2, 1, 'Antonio', 'Farías', 'tiendabplayer@gmail.com', '978612572', 3, '2022-08-26 21:10:06', '2022-08-30 01:01:51'),
(5, 'Auroliv', '3e4b306a24c1302d5a04bb54a84f5cef', 2, 1, 'Jose', 'Monserrat', 'auroliv.cl@gmail.com', '995585480', 4, '2022-08-30 00:51:12', '2022-08-30 01:01:14'),
(6, 'Edward', 'f838e25eba93ff72ffbadacfd3413984', 2, 1, 'Edward', 'Márquez', 'bodeganewgame@gmail.com', '999264813', 6, '2022-09-23 00:49:52', '2022-09-23 00:50:44');

-- --------------------------------------------------------

--
-- Estructura de tabla para la tabla `user_state`
--

CREATE TABLE `user_state` (
  `id` int(11) NOT NULL,
  `state` varchar(150) COLLATE utf8mb4_unicode_ci DEFAULT NULL
) ENGINE=MyISAM DEFAULT CHARSET=utf8mb4 COLLATE=utf8mb4_unicode_ci;

--
-- Volcado de datos para la tabla `user_state`
--

INSERT INTO `user_state` (`id`, `state`) VALUES
(1, 'ACTIVO'),
(2, 'SUSPENDIDO'),
(3, 'ELIMINADO'),
(4, 'BLOQUEADO');

--
-- Índices para tablas volcadas
--

--
-- Indices de la tabla `city`
--
ALTER TABLE `city`
  ADD PRIMARY KEY (`id`);

--
-- Indices de la tabla `communes`
--
ALTER TABLE `communes`
  ADD PRIMARY KEY (`id`);

--
-- Indices de la tabla `companies`
--
ALTER TABLE `companies`
  ADD PRIMARY KEY (`id`);

--
-- Indices de la tabla `companies_state`
--
ALTER TABLE `companies_state`
  ADD PRIMARY KEY (`id`);

--
-- Indices de la tabla `company_address`
--
ALTER TABLE `company_address`
  ADD PRIMARY KEY (`id`);

--
-- Indices de la tabla `people`
--
ALTER TABLE `people`
  ADD PRIMARY KEY (`id`);

--
-- Indices de la tabla `people_states`
--
ALTER TABLE `people_states`
  ADD PRIMARY KEY (`id`),
  ADD UNIQUE KEY `state` (`state`);

--
-- Indices de la tabla `profiles`
--
ALTER TABLE `profiles`
  ADD PRIMARY KEY (`id`);

--
-- Indices de la tabla `rates`
--
ALTER TABLE `rates`
  ADD PRIMARY KEY (`id`);

--
-- Indices de la tabla `rates_size`
--
ALTER TABLE `rates_size`
  ADD PRIMARY KEY (`id`);

--
-- Indices de la tabla `roles`
--
ALTER TABLE `roles`
  ADD PRIMARY KEY (`id`);

--
-- Indices de la tabla `shipping`
--
ALTER TABLE `shipping`
  ADD PRIMARY KEY (`id`),
  ADD UNIQUE KEY `order_nro` (`order_nro`);

--
-- Indices de la tabla `shipping_delivery`
--
ALTER TABLE `shipping_delivery`
  ADD PRIMARY KEY (`id`);

--
-- Indices de la tabla `shipping_states`
--
ALTER TABLE `shipping_states`
  ADD PRIMARY KEY (`id`);

--
-- Indices de la tabla `users`
--
ALTER TABLE `users`
  ADD PRIMARY KEY (`id`);

--
-- Indices de la tabla `user_state`
--
ALTER TABLE `user_state`
  ADD PRIMARY KEY (`id`);

--
-- AUTO_INCREMENT de las tablas volcadas
--

--
-- AUTO_INCREMENT de la tabla `city`
--
ALTER TABLE `city`
  MODIFY `id` int(11) NOT NULL AUTO_INCREMENT, AUTO_INCREMENT=2;

--
-- AUTO_INCREMENT de la tabla `communes`
--
ALTER TABLE `communes`
  MODIFY `id` int(11) NOT NULL AUTO_INCREMENT, AUTO_INCREMENT=36;

--
-- AUTO_INCREMENT de la tabla `companies`
--
ALTER TABLE `companies`
  MODIFY `id` int(11) NOT NULL AUTO_INCREMENT, AUTO_INCREMENT=7;

--
-- AUTO_INCREMENT de la tabla `companies_state`
--
ALTER TABLE `companies_state`
  MODIFY `id` int(11) NOT NULL AUTO_INCREMENT, AUTO_INCREMENT=5;

--
-- AUTO_INCREMENT de la tabla `company_address`
--
ALTER TABLE `company_address`
  MODIFY `id` int(11) NOT NULL AUTO_INCREMENT;

--
-- AUTO_INCREMENT de la tabla `people`
--
ALTER TABLE `people`
  MODIFY `id` int(11) NOT NULL AUTO_INCREMENT, AUTO_INCREMENT=8;

--
-- AUTO_INCREMENT de la tabla `people_states`
--
ALTER TABLE `people_states`
  MODIFY `id` int(10) UNSIGNED NOT NULL AUTO_INCREMENT, AUTO_INCREMENT=2;

--
-- AUTO_INCREMENT de la tabla `profiles`
--
ALTER TABLE `profiles`
  MODIFY `id` int(11) NOT NULL AUTO_INCREMENT, AUTO_INCREMENT=4;

--
-- AUTO_INCREMENT de la tabla `rates`
--
ALTER TABLE `rates`
  MODIFY `id` int(11) NOT NULL AUTO_INCREMENT, AUTO_INCREMENT=3711;

--
-- AUTO_INCREMENT de la tabla `rates_size`
--
ALTER TABLE `rates_size`
  MODIFY `id` int(11) NOT NULL AUTO_INCREMENT, AUTO_INCREMENT=3;

--
-- AUTO_INCREMENT de la tabla `roles`
--
ALTER TABLE `roles`
  MODIFY `id` int(11) NOT NULL AUTO_INCREMENT, AUTO_INCREMENT=6;

--
-- AUTO_INCREMENT de la tabla `shipping`
--
ALTER TABLE `shipping`
  MODIFY `id` int(11) NOT NULL AUTO_INCREMENT, AUTO_INCREMENT=8;

--
-- AUTO_INCREMENT de la tabla `shipping_delivery`
--
ALTER TABLE `shipping_delivery`
  MODIFY `id` int(11) NOT NULL AUTO_INCREMENT;

--
-- AUTO_INCREMENT de la tabla `shipping_states`
--
ALTER TABLE `shipping_states`
  MODIFY `id` int(11) NOT NULL AUTO_INCREMENT, AUTO_INCREMENT=4;

--
-- AUTO_INCREMENT de la tabla `users`
--
ALTER TABLE `users`
  MODIFY `id` int(11) NOT NULL AUTO_INCREMENT, AUTO_INCREMENT=7;

--
-- AUTO_INCREMENT de la tabla `user_state`
--
ALTER TABLE `user_state`
  MODIFY `id` int(11) NOT NULL AUTO_INCREMENT, AUTO_INCREMENT=52;
COMMIT;

/*!40101 SET CHARACTER_SET_CLIENT=@OLD_CHARACTER_SET_CLIENT */;
/*!40101 SET CHARACTER_SET_RESULTS=@OLD_CHARACTER_SET_RESULTS */;
/*!40101 SET COLLATION_CONNECTION=@OLD_COLLATION_CONNECTION */;
